genome,material_class,valid,screening_protocol,relax_clean_converged,relax_clean_max_force_eV_A,relax_clean_steps,relax_clean_step_limit,relax_clean_fmax_eV_A,relax_clean_termination,relax_clean_failure_class,relax_clean_selected_attempt,relax_clean_attempts_json,relax_clean_geometry_sha256,e_clean,relax_h_converged,relax_h_max_force_eV_A,relax_h_steps,relax_h_step_limit,relax_h_fmax_eV_A,relax_h_termination,relax_h_failure_class,relax_h_selected_attempt,relax_h_attempts_json,relax_h_geometry_sha256,dE_H,relax_ch3_converged,relax_ch3_max_force_eV_A,relax_ch3_steps,relax_ch3_step_limit,relax_ch3_fmax_eV_A,relax_ch3_termination,relax_ch3_failure_class,relax_ch3_selected_attempt,relax_ch3_attempts_json,relax_ch3_geometry_sha256,dE_CH3,relax_c_converged,relax_c_max_force_eV_A,relax_c_steps,relax_c_step_limit,relax_c_fmax_eV_A,relax_c_termination,relax_c_failure_class,relax_c_selected_attempt,relax_c_attempts_json,relax_c_geometry_sha256,dE_C,dE_split,E_act,coking_index_scope,coking_index_scope_reason,coking_index,coking_index_raw_slab,segregation_energy,rate_constant,temperature_K,cost_penalty,pyrolysis_viable,E_act_censored,model_confidence,needs_dft_validation,candidate_disposition,worker_id,gpu_id,candidate_id,cache_hit,error
"('MoltenMetal', 'Sn', 'Sb', 7.5, 650)",MoltenMetal,True,esen-sm-conserving-all-oc25:relax-v4:pyrolysis-v3,True,0.0682981411969867,115,150,0.08,converged,,bfgs_standard,"[{""ase_converged"": true, ""converged"": true, ""end_geometry_sha256"": ""34922b64140f1550c297ea5fe09360944a9ca2bf45dc20cd5541a6ffdf06a58e"", ""failure_class"": null, ""max_force_eV_A"": 0.0682981411969867, ""name"": ""bfgs_standard"", ""start_geometry_sha256"": ""53255084af590156d124070a83b108d0f24427dfef48f445cba94f7091b16582"", ""steps"": 115}]",34922b64140f1550c297ea5fe09360944a9ca2bf45dc20cd5541a6ffdf06a58e,-118.32276699706131,True,0.07195090115395887,71,100,0.08,converged,,bfgs_standard,"[{""ase_converged"": true, ""converged"": true, ""end_geometry_sha256"": ""532be6f8fe5aa4a07bec09d26788b051c780fc313fc8d4d68e43fabf4e1d9fa9"", ""failure_class"": null, ""max_force_eV_A"": 0.07195090115395887, ""name"": ""bfgs_standard"", ""start_geometry_sha256"": ""a66f4c88ce4998f1187c5fa7111f6ffa3e05d0897c7da6c653132eafd0ae2e21"", ""steps"": 71}]",532be6f8fe5aa4a07bec09d26788b051c780fc313fc8d4d68e43fabf4e1d9fa9,0.11595620959996822,True,0.07921980095746073,68,100,0.08,converged,,bfgs_standard,"[{""ase_converged"": true, ""converged"": true, ""end_geometry_sha256"": ""eca2af2e8cf92bc76d47267509fcd62d2fc32f1e5949a751d68665556a010bd4"", ""failure_class"": null, ""max_force_eV_A"": 0.07921980095746073, ""name"": ""bfgs_standard"", ""start_geometry_sha256"": ""db3a609abe18e206a51d04260e2ef3e3e02ab3571f564c62e4a82306809f5f1a"", ""steps"": 68}]",eca2af2e8cf92bc76d47267509fcd62d2fc32f1e5949a751d68665556a010bd4,-2.40187048912048,True,0.07506478030991788,97,100,0.08,converged,,bfgs_standard,"[{""ase_converged"": true, ""converged"": true, ""end_geometry_sha256"": ""a2a6196b32f4979f46e6a5abca172b626cb351f3f79fcf56b3ff002805ed86c6"", ""failure_class"": null, ""max_force_eV_A"": 0.07506478030991788, ""name"": ""bfgs_standard"", ""start_geometry_sha256"": ""27ec11d23fd2c864d8d375e2785ddc0855fc153dd0e4e794bf96ba3c75546e6e"", ""steps"": 97}]",a2a6196b32f4979f46e6a5abca172b626cb351f3f79fcf56b3ff002805ed86c6,3.621364861726775,0.6704949140548706,0.9022969484329224,out_of_scope,MoltenMetal has no slab; coking_index=ΔE_C-2ΔE_H is not a melt carbon-separation descriptor,,3.3894524425268386,-0.49648618698120117,1009336.9879401299,650.0,-2.0,True,False,0.6425000000350001,False,quantitative_screening,2,2,9adb31167bbca07b04f2,False,
"('MoltenMetal', 'Sn', 'Sr', 1.0, 850)",MoltenMetal,True,esen-sm-conserving-all-oc25:relax-v4:pyrolysis-v3,True,0.0755189387823022,47,150,0.08,converged,,bfgs_standard,"[{""ase_converged"": true, ""converged"": true, ""end_geometry_sha256"": ""41b2bc3719f9f4a0587c77b61c88fbab31c383a6c498b2474f411e02a0ea2f2e"", ""failure_class"": null, ""max_force_eV_A"": 0.0755189387823022, ""name"": ""bfgs_standard"", ""start_geometry_sha256"": ""ed89478fed0212a0468ae1f50bcea96da5a099bbcb580da8108dc615ae755063"", ""steps"": 47}]",41b2bc3719f9f4a0587c77b61c88fbab31c383a6c498b2474f411e02a0ea2f2e,-116.75959533911148,True,0.07880448246713859,26,100,0.08,converged,,bfgs_standard,"[{""ase_converged"": true, ""converged"": true, ""end_geometry_sha256"": ""40ce7c6076761f0062e70b8aadc497c58666e8def08ad537844a929a4cc8364f"", ""failure_class"": null, ""max_force_eV_A"": 0.07880448246713859, ""name"": ""bfgs_standard"", ""start_geometry_sha256"": ""29c67ec11bc4a673f9c24175dfd1d0d36212c15adda0f668266bce9c5b9f62e6"", ""steps"": 26}]",40ce7c6076761f0062e70b8aadc497c58666e8def08ad537844a929a4cc8364f,0.5709394440054858,True,0.06582150110626821,26,100,0.08,converged,,bfgs_standard,"[{""ase_converged"": true, ""converged"": true, ""end_geometry_sha256"": ""a51101e345a862d01bd058c12307bf68f5f1112454ec46445d2622be97d772ed"", ""failure_class"": null, ""max_force_eV_A"": 0.06582150110626821, ""name"": ""bfgs_standard"", ""start_geometry_sha256"": ""5a7b498304ebfbdba72ef58980519a74b08755e1982d1d31e2f877003905d3cc"", ""steps"": 26}]",a51101e345a862d01bd058c12307bf68f5f1112454ec46445d2622be97d772ed,-1.8733770847320521,True,0.06566483782050964,58,100,0.08,converged,,bfgs_standard,"[{""ase_converged"": true, ""converged"": true, ""end_geometry_sha256"": ""562505c8fffa6b19fe9e2a099931538f35f17fc4444a240d964cc582ead23f5e"", ""failure_class"": null, ""max_force_eV_A"": 0.06566483782050964, ""name"": ""bfgs_standard"", ""start_geometry_sha256"": ""558a866280f110c0702ccd5e0ef5fa70ea8502be85aacf0987570e8fa1607edb"", ""steps"": 58}]",562505c8fffa6b19fe9e2a099931538f35f17fc4444a240d964cc582ead23f5e,3.4568403065204762,1.653971552848816,1.4923829317092894,out_of_scope,MoltenMetal has no slab; coking_index=ΔE_C-2ΔE_H is not a melt carbon-separation descriptor,,2.3149614185095047,0.0,14172.176003724455,850.0,0.0,True,False,0.5636088342706671,False,quantitative_screening,0,0,0ae8bcfc9ca0e45eddce,False,
"('MoltenMetal', 'Bi', 'Co', 50.0, 1050)",MoltenMetal,False,esen-sm-conserving-all-oc25:relax-v4:pyrolysis-v3,True,0.014037382494860856,7,150,0.08,converged,,bfgs_standard,"[{""ase_converged"": true, ""converged"": true, ""end_geometry_sha256"": ""2b9acc2a7bb452d24b94197ef96ccddc347781aa6d532b78a5ba6eb23cb97ef1"", ""failure_class"": null, ""max_force_eV_A"": 0.014037382494860856, ""name"": ""bfgs_standard"", ""start_geometry_sha256"": ""9890335bd5aefb76d64af18a8556f7e602138fdd00f8142b2f19c43f902955fb"", ""steps"": 7}]",2b9acc2a7bb452d24b94197ef96ccddc347781aa6d532b78a5ba6eb23cb97ef1,-141.05154527476833,True,0.05945309275894138,65,100,0.08,converged,,bfgs_standard,"[{""ase_converged"": true, ""converged"": true, ""end_geometry_sha256"": ""2c5583bd5bf76c4e8f438d44b90f96693faed15507a821095636e7ea6fcde73f"", ""failure_class"": null, ""max_force_eV_A"": 0.05945309275894138, ""name"": ""bfgs_standard"", ""start_geometry_sha256"": ""1e3e85996379a3d4323568b6536e766cd20ef6d32309f0d9c73fda1a9300edb8"", ""steps"": 65}]",2c5583bd5bf76c4e8f438d44b90f96693faed15507a821095636e7ea6fcde73f,-5.393963672220796,True,0.07842628789765434,70,100,0.08,converged,,bfgs_standard,"[{""ase_converged"": true, ""converged"": true, ""end_geometry_sha256"": ""bb70c5e89d87d84fc18fd4f87bb4dbd94a8092a9c6e4f4c7fd85d144dd4264c3"", ""failure_class"": null, ""max_force_eV_A"": 0.07842628789765434, ""name"": ""bfgs_standard"", ""start_geometry_sha256"": ""83a38d72431aa8ed2d8bdc23f57c8cac76862ba00861dafc245615ab81fac837"", ""steps"": 70}]",bb70c5e89d87d84fc18fd4f87bb4dbd94a8092a9c6e4f4c7fd85d144dd4264c3,-7.633784890174891,True,0.07152585887186468,335,100,0.08,converged,,fire_small_step,"[{""ase_converged"": false, ""converged"": false, ""end_geometry_sha256"": ""ad0395045f5ec6e88b21d634e7ed16eaaafb0bd106484c05f117883f0a09c6e7"", ""failure_class"": ""force_threshold"", ""max_force_eV_A"": 0.13910036037596868, ""name"": ""bfgs_standard"", ""start_geometry_sha256"": ""3e849b728b92152cd9561e2aa57e3202a1d1120a5b8dfba1962a8fb78dc8969d"", ""steps"": 100}, {""ase_converged"": true, ""converged"": true, ""end_geometry_sha256"": ""f21147c4891042957dbf7e51b887fe4df76d4d2d8061da1ab0e262b777ef54db"", ""failure_class"": null, ""max_force_eV_A"": 0.2420630851082736, ""name"": ""fire_precondition"", ""qualifying"": false, ""start_geometry_sha256"": ""3e849b728b92152cd9561e2aa57e3202a1d1120a5b8dfba1962a8fb78dc8969d"", ""steps"": 19}, {""ase_converged"": false, ""converged"": false, ""end_geometry_sha256"": ""4fa7e67df8664ee9f2820e79cd8feeaf8028ea817cc1e007865a07ac1ed28cd7"", ""failure_class"": ""force_threshold"", ""max_force_eV_A"": 0.4067315869961355, ""name"": ""bfgs_after_fire"", ""start_geometry_sha256"": ""f21147c4891042957dbf7e51b887fe4df76d4d2d8061da1ab0e262b777ef54db"", ""steps"": 200}, {""ase_converged"": true, ""converged"": true, ""end_geometry_sha256"": ""2317536b124e98f0f63948f34eabad91836c9487e5dd30c1d25d9963ed17a127"", ""failure_class"": null, ""max_force_eV_A"": 0.07152585887186468, ""name"": ""fire_small_step"", ""start_geometry_sha256"": ""ad0395045f5ec6e88b21d634e7ed16eaaafb0bd106484c05f117883f0a09c6e7"", ""steps"": 16}]",2317536b124e98f0f63948f34eabad91836c9487e5dd30c1d25d9963ed17a127,-5.651447504758934,-10.071339368820304,0.01,out_of_scope,MoltenMetal has no slab; coking_index=ΔE_C-2ΔE_H is not a melt carbon-separation descriptor,,5.136479839682657,-3.616749763488741,8953691208458.338,1050.0,-2.0,True,,,True,validation_required,1,1,c1c625c9ba1b17b54b79,False,Unphysical dE_split=-10.07 eV (|val|>10.0)
"('MoltenMetal', 'Bi', 'Rh', 20.0, 1250)",MoltenMetal,True,esen-sm-conserving-all-oc25:relax-v4:pyrolysis-v3,True,0.0702579836927588,110,150,0.08,converged,,bfgs_standard,"[{""ase_converged"": true, ""converged"": true, ""end_geometry_sha256"": ""a34b1824cb4ddb02c99dfc92ac7b53b5ee4a8ddd0b527a11e7106c7a99f254bf"", ""failure_class"": null, ""max_force_eV_A"": 0.0702579836927588, ""name"": ""bfgs_standard"", ""start_geometry_sha256"": ""a3a8a63bbb3b43537f76477cb74db2ea6ab3b086d63f81e0647c91e6907b800d"", ""steps"": 110}]",a34b1824cb4ddb02c99dfc92ac7b53b5ee4a8ddd0b527a11e7106c7a99f254bf,-153.33076413374116,True,0.06390263435101544,86,100,0.08,converged,,bfgs_standard,"[{""ase_converged"": true, ""converged"": true, ""end_geometry_sha256"": ""bc08ce613fd97ac27c26f749e335df163976a00bdb77e9d0cf65099f0e56cc81"", ""failure_class"": null, ""max_force_eV_A"": 0.06390263435101544, ""name"": ""bfgs_standard"", ""start_geometry_sha256"": ""8511e26a7301b0956ff719a10d70fa4250acdacac7e20865c336153b8c1629f5"", ""steps"": 86}]",bc08ce613fd97ac27c26f749e335df163976a00bdb77e9d0cf65099f0e56cc81,-0.3665319457649936,True,0.07451211511639834,92,100,0.08,converged,,bfgs_standard,"[{""ase_converged"": true, ""converged"": true, ""end_geometry_sha256"": ""17d9e95982b9f2fbaeb5f69cabf959f1d1f09ea5a4d49af89977007e6d507293"", ""failure_class"": null, ""max_force_eV_A"": 0.07451211511639834, ""name"": ""bfgs_standard"", ""start_geometry_sha256"": ""46513aa1565235735744afa2cd6c36c4d45100c59af8673475dfda65f6650f43"", ""steps"": 92}]",17d9e95982b9f2fbaeb5f69cabf959f1d1f09ea5a4d49af89977007e6d507293,-1.8890826702118453,True,0.060415361702119925,69,100,0.08,converged,,bfgs_standard,"[{""ase_converged"": true, ""converged"": true, ""end_geometry_sha256"": ""7918ace275a5e2219cef5c79ab6c6764991628db4a675d89f1248e20013d0350"", ""failure_class"": null, ""max_force_eV_A"": 0.060415361702119925, ""name"": ""bfgs_standard"", ""start_geometry_sha256"": ""723f89277921a2b3bb32fe7fa1e91f7303f7aa0132aaa8cc33ee552c09423373"", ""steps"": 69}]",7918ace275a5e2219cef5c79ab6c6764991628db4a675d89f1248e20013d0350,3.9554221928119517,0.7007945775985434,0.9204767465591259,out_of_scope,MoltenMetal has no slab; coking_index=ΔE_C-2ΔE_H is not a melt carbon-separation descriptor,,4.688486084341939,-3.6921062469482138,1944469332.8200045,1250.0,-2.0,True,False,0.6425000000350001,False,quantitative_screening,0,0,981f3004e81a7b639963,False,
"('SolidCatalyst', 'Cr', 'Si3N4', 'bcc211', -0.06842105263157895, ('Mg', 'La'), 3, 0)",SolidCatalyst,True,esen-sm-conserving-all-oc25:relax-v4:pyrolysis-v3,True,0.0723794458844049,303,150,0.08,converged,,bfgs_after_fire,"[{""ase_converged"": false, ""converged"": false, ""end_geometry_sha256"": ""fd9d25dbf2209abac066358f6762b84bb77a8ebc19094afcda4a148b69e4629a"", ""failure_class"": ""force_threshold"", ""max_force_eV_A"": 0.22457496421543255, ""name"": ""bfgs_standard"", ""start_geometry_sha256"": ""e474795fcfb04a43b49b0245cba59d2dd9746951934aa8431db38f49ff23de59"", ""steps"": 150}, {""ase_converged"": false, ""converged"": false, ""end_geometry_sha256"": ""d303efa5f392e0d94a9e0abd0ea782bb1d30b72b533fd18ffa5b2799a2a0f491"", ""failure_class"": ""force_threshold"", ""max_force_eV_A"": 6.586350992778049, ""name"": ""fire_precondition"", ""qualifying"": false, ""start_geometry_sha256"": ""e474795fcfb04a43b49b0245cba59d2dd9746951934aa8431db38f49ff23de59"", ""steps"": 75}, {""ase_converged"": true, ""converged"": true, ""end_geometry_sha256"": ""5415f1ee30418ce6c0be36e0e0f260e8242626fdb5694d4a1537ac6d6a364522"", ""failure_class"": null, ""max_force_eV_A"": 0.0723794458844049, ""name"": ""bfgs_after_fire"", ""start_geometry_sha256"": ""d303efa5f392e0d94a9e0abd0ea782bb1d30b72b533fd18ffa5b2799a2a0f491"", ""steps"": 78}]",5415f1ee30418ce6c0be36e0e0f260e8242626fdb5694d4a1537ac6d6a364522,-145.6542294994067,True,0.07809041415861823,48,100,0.08,converged,,bfgs_standard,"[{""ase_converged"": true, ""converged"": true, ""end_geometry_sha256"": ""a0b019e64c06b54f52f434d36bd14732d67923f16cb68b3341bdb572f4cab6ff"", ""failure_class"": null, ""max_force_eV_A"": 0.07809041415861823, ""name"": ""bfgs_standard"", ""start_geometry_sha256"": ""7372efaa23e7d1c9a1b0c121042beceb659bdc318f1f586361d09dde55a6624b"", ""steps"": 48}]",a0b019e64c06b54f52f434d36bd14732d67923f16cb68b3341bdb572f4cab6ff,-0.8492198958992709,True,0.059583167560138504,96,100,0.08,converged,,bfgs_standard,"[{""ase_converged"": true, ""converged"": true, ""end_geometry_sha256"": ""b136b9e4517959f9859d23a1ef64e1f6ae4b05eff8ac9e5998510226add7f8df"", ""failure_class"": null, ""max_force_eV_A"": 0.059583167560138504, ""name"": ""bfgs_standard"", ""start_geometry_sha256"": ""b651ea813134c64f9a1eb1db3c9b4863eee9fc985bde589e7022125c8920c083"", ""steps"": 96}]",b136b9e4517959f9859d23a1ef64e1f6ae4b05eff8ac9e5998510226add7f8df,-0.40805888175964,True,0.07827031643142118,54,100,0.08,converged,,bfgs_standard,"[{""ase_converged"": true, ""converged"": true, ""end_geometry_sha256"": ""a20c7213106ba15591c459f86a694185ba8815f34ea6c6e8389319726451cbc5"", ""failure_class"": null, ""max_force_eV_A"": 0.07827031643142118, ""name"": ""bfgs_standard"", ""start_geometry_sha256"": ""599a6f9585cf3ae2a9cb1d5189acccd188df5eb5f08648d7a2de4a9c85cd670f"", ""steps"": 54}]",a20c7213106ba15591c459f86a694185ba8815f34ea6c6e8389319726451cbc5,2.061677724122987,1.6991304159164713,2.1443478119373536,candidate,,3.7601175159215288,,0.12039184570318184,155.94184766718047,1000.0,0.0,True,False,0.8664825313502684,False,quantitative_screening,2,2,7b93e4bb98aa38c5b7a2,False,
"('SolidCatalyst', 'Mn', 'Nb2O5', 'fcc100', 0.1, ('Cu', 'Sc'), 3, 0)",SolidCatalyst,True,esen-sm-conserving-all-oc25:relax-v4:pyrolysis-v3,True,0.07409418720113516,48,150,0.08,converged,,bfgs_standard,"[{""ase_converged"": true, ""converged"": true, ""end_geometry_sha256"": ""6b45e4e93c50a038ef51bfa7584107f2122277000f6f70f39e6300b7e776671f"", ""failure_class"": null, ""max_force_eV_A"": 0.07409418720113516, ""name"": ""bfgs_standard"", ""start_geometry_sha256"": ""7f569260ae3b7daf66ed9273feaae9c654751ad99a4c658dd160f07c75dbb374"", ""steps"": 48}]",6b45e4e93c50a038ef51bfa7584107f2122277000f6f70f39e6300b7e776671f,-264.44490124967115,True,0.07134309183166873,58,100,0.08,converged,,bfgs_standard,"[{""ase_converged"": true, ""converged"": true, ""end_geometry_sha256"": ""a35522dd6d9fcafc2d283fac8357e3a3440b78603b67510208765093aece1ad7"", ""failure_class"": null, ""max_force_eV_A"": 0.07134309183166873, ""name"": ""bfgs_standard"", ""start_geometry_sha256"": ""e13dd6f5c3d12ce1b4a05850e50c025425c96b4eb1d25f8bc9af951d64fd1423"", ""steps"": 58}]",a35522dd6d9fcafc2d283fac8357e3a3440b78603b67510208765093aece1ad7,-1.187293626368021,True,0.0665132183868989,88,100,0.08,converged,,bfgs_standard,"[{""ase_converged"": true, ""converged"": true, ""end_geometry_sha256"": ""3b91318900f86b654096076e3f02955b55bdf5d5acac906a06d641dadfd65466"", ""failure_class"": null, ""max_force_eV_A"": 0.0665132183868989, ""name"": ""bfgs_standard"", ""start_geometry_sha256"": ""868eed5190c50b7788834638de5318af20805c8d3f5dbc888e8a1f022612886a"", ""steps"": 88}]",3b91318900f86b654096076e3f02955b55bdf5d5acac906a06d641dadfd65466,-3.6428592205047003,True,0.06300396690981276,42,100,0.08,converged,,bfgs_standard,"[{""ase_converged"": true, ""converged"": true, ""end_geometry_sha256"": ""c02959de04e3ecb269bca5e32694c07b99dd9083bc61c9f5d93c9f01f4a6c02d"", ""failure_class"": null, ""max_force_eV_A"": 0.06300396690981276, ""name"": ""bfgs_standard"", ""start_geometry_sha256"": ""1e724580a1e0932ea9a5312b03940876e71dd385da915a87dcc6fb7f0ff2e45a"", ""steps"": 42}]",c02959de04e3ecb269bca5e32694c07b99dd9083bc61c9f5d93c9f01f4a6c02d,0.7827232182025767,-1.873743653297339,0.01,candidate,,3.1573104709386186,,-1.3303194046020508,8904349914533.771,1000.0,0.0,True,True,0.9675000000349999,True,quantitative_screening,1,1,b483281a28a15c008ab5,False,
"('SolidCatalyst', 'Mn', 'TiB2', 'bcc111', 0.05789473684210525, ('Ag', 'La'), 3, 0)",SolidCatalyst,True,esen-sm-conserving-all-oc25:relax-v4:pyrolysis-v3,True,0.07564233073352408,33,150,0.08,converged,,bfgs_standard,"[{""ase_converged"": true, ""converged"": true, ""end_geometry_sha256"": ""027899bc964c59e9d29509e2dc6aceb037ce1ec37d7204d40346af2c30ba8c98"", ""failure_class"": null, ""max_force_eV_A"": 0.07564233073352408, ""name"": ""bfgs_standard"", ""start_geometry_sha256"": ""3dd84f1ead8726ccc9a5ff536f03cc03780dc56638987a0fad903faff2b6b2e3"", ""steps"": 33}]",027899bc964c59e9d29509e2dc6aceb037ce1ec37d7204d40346af2c30ba8c98,-272.7939401730809,True,0.0774603046220285,52,100,0.08,converged,,bfgs_standard,"[{""ase_converged"": true, ""converged"": true, ""end_geometry_sha256"": ""e3ec36064286aa8ba4596a21ebe5aa27adbe27a7d7236886ce605a57ebee3c68"", ""failure_class"": null, ""max_force_eV_A"": 0.0774603046220285, ""name"": ""bfgs_standard"", ""start_geometry_sha256"": ""e40ad611ddb8da327cbd392795f928144305c445143731965c9b02a0f772997d"", ""steps"": 52}]",e3ec36064286aa8ba4596a21ebe5aa27adbe27a7d7236886ce605a57ebee3c68,-0.877716876566442,True,0.07218738240638979,47,100,0.08,converged,,bfgs_standard,"[{""ase_converged"": true, ""converged"": true, ""end_geometry_sha256"": ""3d557cb282d6325f8b69fe5d2177de824f7cb60eaf53f26629bbaee2a848f772"", ""failure_class"": null, ""max_force_eV_A"": 0.07218738240638979, ""name"": ""bfgs_standard"", ""start_geometry_sha256"": ""444f67f5375872ab1a49e21903ff5baa00f366cdf3dbf8aea0f6e38c32db744a"", ""steps"": 47}]",3d557cb282d6325f8b69fe5d2177de824f7cb60eaf53f26629bbaee2a848f772,-3.647906064987236,True,0.07494399425472488,49,100,0.08,converged,,bfgs_standard,"[{""ase_converged"": true, ""converged"": true, ""end_geometry_sha256"": ""1512aa41a6770721c2048c7056a4f4d1caad817e88fab9f30a160eb3099e5cdb"", ""failure_class"": null, ""max_force_eV_A"": 0.07494399425472488, ""name"": ""bfgs_standard"", ""start_geometry_sha256"": ""1b8b473c1c42fab035e5742fe6e5336564ab1e8200f1dac90de334f6de15afbc"", ""steps"": 49}]",1512aa41a6770721c2048c7056a4f4d1caad817e88fab9f30a160eb3099e5cdb,0.6112165749072886,-1.5692137479782957,0.01,candidate,,2.3666503280401727,,-1.0416564643383026,8904349914533.771,1000.0,0.0,True,True,0.9127014328916923,True,quantitative_screening,0,0,6db1fa3ca436d672a09c,False,
"('SolidCatalyst', 'Fe', 'SrTiO3', 'fcc100', 0.01578947368421052, ('Ta', 'Sc'), 3, 0)",SolidCatalyst,True,esen-sm-conserving-all-oc25:relax-v4:pyrolysis-v3,True,0.07403302012964585,125,150,0.08,converged,,bfgs_standard,"[{""ase_converged"": true, ""converged"": true, ""end_geometry_sha256"": ""232b5d1cfe340794eaebc1c3bc25f96c0985ba903dfa8616a97a5927f5a3f69b"", ""failure_class"": null, ""max_force_eV_A"": 0.07403302012964585, ""name"": ""bfgs_standard"", ""start_geometry_sha256"": ""28dab029c5112957aeb9d1fa24d4c3b4af6e4e6ff25b0e37b9e9a613831da912"", ""steps"": 125}]",232b5d1cfe340794eaebc1c3bc25f96c0985ba903dfa8616a97a5927f5a3f69b,-198.97006213277194,True,0.06614454301816329,23,100,0.08,converged,,bfgs_standard,"[{""ase_converged"": true, ""converged"": true, ""end_geometry_sha256"": ""53afc7c0a1c52b56a3333241442cea54af70bf0b5c4bd115d9c5584912ba20c2"", ""failure_class"": null, ""max_force_eV_A"": 0.06614454301816329, ""name"": ""bfgs_standard"", ""start_geometry_sha256"": ""fb8909b2ca63d34e842e0a0be1230cb7e147bd12eb7b38b8fc1e45a369620305"", ""steps"": 23}]",53afc7c0a1c52b56a3333241442cea54af70bf0b5c4bd115d9c5584912ba20c2,0.2461399063468228,True,0.07662364228675578,68,100,0.08,converged,,bfgs_standard,"[{""ase_converged"": true, ""converged"": true, ""end_geometry_sha256"": ""1816f1329c006322538986de2ae0580b5855ad241fb74a2cbf24434a5fc20aa3"", ""failure_class"": null, ""max_force_eV_A"": 0.07662364228675578, ""name"": ""bfgs_standard"", ""start_geometry_sha256"": ""76e0007b8dabddc07d63b08550fe11b360f22360b4c521880e6ebc9b4aa7f474"", ""steps"": 68}]",1816f1329c006322538986de2ae0580b5855ad241fb74a2cbf24434a5fc20aa3,-2.5418784618376513,True,0.06961613068068723,63,100,0.08,converged,,bfgs_standard,"[{""ase_converged"": true, ""converged"": true, ""end_geometry_sha256"": ""70a29fb003501166c0ae6724afb82638dd1300bccbb6336f371a6b03276170e2"", ""failure_class"": null, ""max_force_eV_A"": 0.06961613068068723, ""name"": ""bfgs_standard"", ""start_geometry_sha256"": ""0a822b1f5fbce15bf718551a771b8de813c9a64f322fc5c3871222001da80638"", ""steps"": 63}]",70a29fb003501166c0ae6724afb82638dd1300bccbb6336f371a6b03276170e2,1.1091401875020068,0.6606706380845537,1.3655029785634154,candidate,,0.6168603748083612,,0.36665344238275566,1312707.228219985,1000.0,0.0,True,False,0.9675000000349999,False,quantitative_screening,1,1,961cfb6e4948bb7dd69b,False,
"('SAC', 'V', 'N2Se2', 'N-graphene', 'pyridine')",SAC,True,esen-sm-conserving-all-oc25:relax-v4:pyrolysis-v3,True,0.0698051372853993,49,150,0.08,converged,,bfgs_standard,"[{""ase_converged"": true, ""converged"": true, ""end_geometry_sha256"": ""5bfd57386478b5f4b19dec6e08b1adab0d109630565e6d94b5f68e4610fdfd60"", ""failure_class"": null, ""max_force_eV_A"": 0.0698051372853993, ""name"": ""bfgs_standard"", ""start_geometry_sha256"": ""99fed3ffaa73da8112eccf563ff9947bae3fe91919db6599d6000017d20e25ba"", ""steps"": 49}]",5bfd57386478b5f4b19dec6e08b1adab0d109630565e6d94b5f68e4610fdfd60,-144.75402667216855,True,0.07103899206179262,39,100,0.08,converged,,bfgs_standard,"[{""ase_converged"": true, ""converged"": true, ""end_geometry_sha256"": ""75389cff94bed0d4568a695949e6c361d4e5997eaa5307485d38cbc2bcb1ea8f"", ""failure_class"": null, ""max_force_eV_A"": 0.07103899206179262, ""name"": ""bfgs_standard"", ""start_geometry_sha256"": ""dd29cd46a196ba0c55f593b143b9b7bf6a34652442a2c38effb0e61ef1b7d317"", ""steps"": 39}]",75389cff94bed0d4568a695949e6c361d4e5997eaa5307485d38cbc2bcb1ea8f,0.8944083675742114,True,0.060803005735172284,30,100,0.08,converged,,bfgs_standard,"[{""ase_converged"": true, ""converged"": true, ""end_geometry_sha256"": ""0ca00546870366cdac49a86435144745151cf9902645e84d4f4c9909a8648468"", ""failure_class"": null, ""max_force_eV_A"": 0.060803005735172284, ""name"": ""bfgs_standard"", ""start_geometry_sha256"": ""a4191abbf1acb78b684f27c2027aad4a6b95e37854d2e66437dfa8cc39d2c001"", ""steps"": 30}]",0ca00546870366cdac49a86435144745151cf9902645e84d4f4c9909a8648468,-0.2841663360595952,True,0.07170412615644339,90,100,0.08,converged,,bfgs_standard,"[{""ase_converged"": true, ""converged"": true, ""end_geometry_sha256"": ""b8bbf2e56f757eb78debadd45f55b11334f6a7c72e4ce7c4c4de32c117a342ad"", ""failure_class"": null, ""max_force_eV_A"": 0.07170412615644339, ""name"": ""bfgs_standard"", ""start_geometry_sha256"": ""5dd66c3ac9f741f4f009f5ac51a0f75bc145b8d548f3e3a1aaa86f1b14fe141d"", ""steps"": 90}]",b8bbf2e56f757eb78debadd45f55b11334f6a7c72e4ce7c4c4de32c117a342ad,4.0845556557178355,3.5666512250899984,3.446655857562999,candidate,,2.2957389205694128,,-1.2814202944854969,4.262054478847522e-05,1000.0,0.0,True,False,0.610000000035,False,quantitative_screening,0,0,5913c4a26b4e3e4503d8,False,
"('SAC', 'Cr', 'N3S', 'MoS2_sheet', 'none')",SAC,True,esen-sm-conserving-all-oc25:relax-v4:pyrolysis-v3,True,0.06882223659156843,98,150,0.08,converged,,bfgs_standard,"[{""ase_converged"": true, ""converged"": true, ""end_geometry_sha256"": ""159e9b3c3ff0de9172809443c02199a4f2a5f2f2ad1c3b23588ac3e90312b3b1"", ""failure_class"": null, ""max_force_eV_A"": 0.06882223659156843, ""name"": ""bfgs_standard"", ""start_geometry_sha256"": ""cc7a581e177928e8fd36ed324b0c46f079f5b8e7fbfd7a2394ad52da5ae7b838"", ""steps"": 98}]",159e9b3c3ff0de9172809443c02199a4f2a5f2f2ad1c3b23588ac3e90312b3b1,-132.15023945316744,True,0.07946079687678602,27,100,0.08,converged,,bfgs_standard,"[{""ase_converged"": true, ""converged"": true, ""end_geometry_sha256"": ""c2a18148ff64677b93c3e55251b364466c30b46ae956fa93b1eba44fbb027e8c"", ""failure_class"": null, ""max_force_eV_A"": 0.07946079687678602, ""name"": ""bfgs_standard"", ""start_geometry_sha256"": ""4fc9c391a4d3d83aaa9d62663aa71a79eb7f50501255d30bc56df624641582c9"", ""steps"": 27}]",c2a18148ff64677b93c3e55251b364466c30b46ae956fa93b1eba44fbb027e8c,-0.20485315471887944,True,0.07085335955238592,42,100,0.08,converged,,bfgs_standard,"[{""ase_converged"": true, ""converged"": true, ""end_geometry_sha256"": ""3c6e6e25aa61cb6ebe67ddd86ae52445ea9017c1a1f4d5aa9458d4336d233e23"", ""failure_class"": null, ""max_force_eV_A"": 0.07085335955238592, ""name"": ""bfgs_standard"", ""start_geometry_sha256"": ""7a5a034b20fd58d67358bfe4cb81554dbef2822c28af81d9e7e5f8fd8433c212"", ""steps"": 42}]",3c6e6e25aa61cb6ebe67ddd86ae52445ea9017c1a1f4d5aa9458d4336d233e23,-2.585104227066065,True,0.07133486110516973,50,100,0.08,converged,,bfgs_standard,"[{""ase_converged"": true, ""converged"": true, ""end_geometry_sha256"": ""ad09c5be3142c8a1590d74096e5cdecb442444c47615f40326032e1ce7278c9b"", ""failure_class"": null, ""max_force_eV_A"": 0.07133486110516973, ""name"": ""bfgs_standard"", ""start_geometry_sha256"": ""feeedacc0932e2e317912214d81b797631bd460298765343c3c8cf3341c6d804"", ""steps"": 50}]",ad09c5be3142c8a1590d74096e5cdecb442444c47615f40326032e1ce7278c9b,3.544672280549989,0.1664518117904379,1.0665162682533065,candidate,,3.9543785899877477,,-0.578821009711396,42169123.772426456,1000.0,0.0,True,False,0.610000000035,False,quantitative_screening,2,2,a50aaa8d0023e9c30f94,False,
"('SAC', 'Cr', 'N2B2', 'N-porous_carbon', 'OH')",SAC,True,esen-sm-conserving-all-oc25:relax-v4:pyrolysis-v3,True,0.07849010152006511,42,150,0.08,converged,,bfgs_standard,"[{""ase_converged"": true, ""converged"": true, ""end_geometry_sha256"": ""94765c34826303089623af1cf28523b94966a2143750b284f5c4657eb78b56f1"", ""failure_class"": null, ""max_force_eV_A"": 0.07849010152006511, ""name"": ""bfgs_standard"", ""start_geometry_sha256"": ""d8e5f1be99b7db00be2e77bc97794f96726fb5e313c3de7b013de84e825f7b12"", ""steps"": 42}]",94765c34826303089623af1cf28523b94966a2143750b284f5c4657eb78b56f1,-144.21754984424874,True,0.07391981400829137,18,100,0.08,converged,,bfgs_standard,"[{""ase_converged"": true, ""converged"": true, ""end_geometry_sha256"": ""06fa884869fdd690ded262d58c95e8c4b452db7de4546c3e2ac53b6015f4b37f"", ""failure_class"": null, ""max_force_eV_A"": 0.07391981400829137, ""name"": ""bfgs_standard"", ""start_geometry_sha256"": ""2b04b2caedb5d4fe3e584d2c8ed5378e25e6e391f84ed0a031acb07c6e117659"", ""steps"": 18}]",06fa884869fdd690ded262d58c95e8c4b452db7de4546c3e2ac53b6015f4b37f,1.9261085018515551,True,0.054188300610899236,29,100,0.08,converged,,bfgs_standard,"[{""ase_converged"": true, ""converged"": true, ""end_geometry_sha256"": ""ba33297887fe68bfb9a261eb3210221a8b1e241d6b6a50592e7193c782e8e36c"", ""failure_class"": null, ""max_force_eV_A"": 0.054188300610899236, ""name"": ""bfgs_standard"", ""start_geometry_sha256"": ""5c985559ad1acfd026e07e3a87dd8a1097a9e2fe05fe567013f965da84ec75d3"", ""steps"": 29}]",ba33297887fe68bfb9a261eb3210221a8b1e241d6b6a50592e7193c782e8e36c,-0.3906650543212855,True,0.0740732627211532,83,100,0.08,converged,,bfgs_standard,"[{""ase_converged"": true, ""converged"": true, ""end_geometry_sha256"": ""4668c1740ca30d18f7a479b63df3212c7e9a6eb108d854bef70af2546c0ba3dc"", ""failure_class"": null, ""max_force_eV_A"": 0.0740732627211532, ""name"": ""bfgs_standard"", ""start_geometry_sha256"": ""3f08badcc25fba7afb14a80579470bf0e5ac3c744b5a0c4a9fff92c670544c6b"", ""steps"": 83}]",4668c1740ca30d18f7a479b63df3212c7e9a6eb108d854bef70af2546c0ba3dc,3.9933352768421315,4.491852641105652,4.094296848773956,candidate,,0.14111827313902126,,-1.317453569487705,2.320876639758439e-08,1000.0,0.0,True,False,0.610000000035,False,quantitative_screening,0,0,b4cdd6e3dcfbf952b8e2,False,
"('SAC', 'Mn', 'N3O', 'N-CNT', 'Cl')",SAC,True,esen-sm-conserving-all-oc25:relax-v4:pyrolysis-v3,True,0.07764764085147056,60,150,0.08,converged,,bfgs_standard,"[{""ase_converged"": true, ""converged"": true, ""end_geometry_sha256"": ""29d7aab9a4f22bb312c390f6029dfc11e0d31b2373b44e95d471ac6a78d86a76"", ""failure_class"": null, ""max_force_eV_A"": 0.07764764085147056, ""name"": ""bfgs_standard"", ""start_geometry_sha256"": ""6b3baee6912f5aac16ce656f477853d474f1565c086f011e2a9b266a4157d7b0"", ""steps"": 60}]",29d7aab9a4f22bb312c390f6029dfc11e0d31b2373b44e95d471ac6a78d86a76,-135.45601837138418,True,0.07992020436260434,36,100,0.08,converged,,bfgs_standard,"[{""ase_converged"": true, ""converged"": true, ""end_geometry_sha256"": ""d2eabad622bb2199777b0503f4e702afdc1dd7904c38d04c88c6b8e0a8d2826d"", ""failure_class"": null, ""max_force_eV_A"": 0.07992020436260434, ""name"": ""bfgs_standard"", ""start_geometry_sha256"": ""8ef2c466074d0b6f722bb5ae1e676d094d3bf4bc794f49c2dcf5a9fe074724b6"", ""steps"": 36}]",d2eabad622bb2199777b0503f4e702afdc1dd7904c38d04c88c6b8e0a8d2826d,1.0474189743399585,True,0.06485460361804468,36,100,0.08,converged,,bfgs_standard,"[{""ase_converged"": true, ""converged"": true, ""end_geometry_sha256"": ""29d9cd320a23607059d4a43fb31baa5e2f23af8d40edf7369a3b682300bba3b4"", ""failure_class"": null, ""max_force_eV_A"": 0.06485460361804468, ""name"": ""bfgs_standard"", ""start_geometry_sha256"": ""5fb149e98b70da813a6004213db9d74aebe171b5194cbb77594cd9f48441fec7"", ""steps"": 36}]",29d9cd320a23607059d4a43fb31baa5e2f23af8d40edf7369a3b682300bba3b4,-0.8948915004730473,True,0.059838130750819535,48,100,0.08,converged,,bfgs_standard,"[{""ase_converged"": true, ""converged"": true, ""end_geometry_sha256"": ""07e4558901b088ac93dd03336bd26a68a47c2c781c820081711dec4702f7298f"", ""failure_class"": null, ""max_force_eV_A"": 0.059838130750819535, ""name"": ""bfgs_standard"", ""start_geometry_sha256"": ""3f73082be11d53d90fc928f30e5e55cd2f75b0d3965ee718ede66e889bc0ea27"", ""steps"": 48}]",07e4558901b088ac93dd03336bd26a68a47c2c781c820081711dec4702f7298f,5.725782185792909,3.1089366674422934,3.1262556672096053,candidate,,3.630944237112992,,-0.8151762428766421,0.0017553547007243618,1000.0,0.0,True,False,0.610000000035,False,quantitative_screening,1,1,a9497fe4ea4f48375f8f,False,
"('DAC', 'V', 'La', 'N4S2', 'N-graphdiyne')",DAC,True,esen-sm-conserving-all-oc25:relax-v4:pyrolysis-v3,True,0.07972309762100968,139,150,0.08,converged,,bfgs_standard,"[{""ase_converged"": true, ""converged"": true, ""end_geometry_sha256"": ""4daf647125e3fd4c7d957cf2bf57fcc7f5768f2535421228630b5f57ccea07c7"", ""failure_class"": null, ""max_force_eV_A"": 0.07972309762100968, ""name"": ""bfgs_standard"", ""start_geometry_sha256"": ""d3d2d623b89f639ad1ff02f5db598b8bff4166c59249b777e12e217f7b801f69"", ""steps"": 139}]",4daf647125e3fd4c7d957cf2bf57fcc7f5768f2535421228630b5f57ccea07c7,-138.63451981000296,True,0.07982936549210973,37,100,0.08,converged,,bfgs_standard,"[{""ase_converged"": true, ""converged"": true, ""end_geometry_sha256"": ""0b6fd1e67edc25d5d63abb0855e1caa1e8ad478b9febc91b2eeca34dcbb96678"", ""failure_class"": null, ""max_force_eV_A"": 0.07982936549210973, ""name"": ""bfgs_standard"", ""start_geometry_sha256"": ""4612393640cbf812abc6506a3779f1eac74a2fa860c2c6c04cf3c393e5255d8b"", ""steps"": 37}]",0b6fd1e67edc25d5d63abb0855e1caa1e8ad478b9febc91b2eeca34dcbb96678,0.22167863696813228,True,0.06333867064542584,77,100,0.08,converged,,bfgs_standard,"[{""ase_converged"": true, ""converged"": true, ""end_geometry_sha256"": ""2e813f2b92088099b44a92a042f806e368d6d4286fa78cbec76112a4919daef9"", ""failure_class"": null, ""max_force_eV_A"": 0.06333867064542584, ""name"": ""bfgs_standard"", ""start_geometry_sha256"": ""aa34536621d8d43624aace07e4b4ad531ea63da658286923be3bd386c3815c7e"", ""steps"": 77}]",2e813f2b92088099b44a92a042f806e368d6d4286fa78cbec76112a4919daef9,-1.98085522651672,True,0.07068314316334316,77,100,0.08,converged,,bfgs_standard,"[{""ase_converged"": true, ""converged"": true, ""end_geometry_sha256"": ""fcadda74c8fa983f40e067ed976e9755050df9536aa8f467f526c24943f3fe7c"", ""failure_class"": null, ""max_force_eV_A"": 0.07068314316334316, ""name"": ""bfgs_standard"", ""start_geometry_sha256"": ""610b4a2452478f8e3f175ff3452081c68b6502ed322916cdaa7163a72faf9bd2"", ""steps"": 77}]",fcadda74c8fa983f40e067ed976e9755050df9536aa8f467f526c24943f3fe7c,1.7871005833149098,1.1972326040267944,1.782007474899292,candidate,,1.3437433093786453,,-0.7158518712143177,10449.069117035786,1000.0,0.0,True,False,0.498608834270667,True,quantitative_screening,0,0,18167ecca5f94bb32c05,False,
"('DAC', 'Cr', 'Y', 'N8', 'N-CNT')",DAC,True,esen-sm-conserving-all-oc25:relax-v4:pyrolysis-v3,True,0.07880484935502718,136,150,0.08,converged,,bfgs_standard,"[{""ase_converged"": true, ""converged"": true, ""end_geometry_sha256"": ""1729eb2aa478bd3501ddff2cd8214c721bbc6a1c5c3ca72300f15839f60b034f"", ""failure_class"": null, ""max_force_eV_A"": 0.07880484935502718, ""name"": ""bfgs_standard"", ""start_geometry_sha256"": ""f6d0b7148c5529f3e8f164b6241cdeba18270bf879d1e7411b5e0b9f8d10254f"", ""steps"": 136}]",1729eb2aa478bd3501ddff2cd8214c721bbc6a1c5c3ca72300f15839f60b034f,-174.03569111183387,True,0.07560576924793096,21,100,0.08,converged,,bfgs_standard,"[{""ase_converged"": true, ""converged"": true, ""end_geometry_sha256"": ""2c53211c3d933433cf6f9a09b1944464c941f0dd8477835bb652e783c82bfd3d"", ""failure_class"": null, ""max_force_eV_A"": 0.07560576924793096, ""name"": ""bfgs_standard"", ""start_geometry_sha256"": ""c318d94261dca52ceb6fef315cde2d9867b37d0903f1179ed3dc769f9fd99068"", ""steps"": 21}]",2c53211c3d933433cf6f9a09b1944464c941f0dd8477835bb652e783c82bfd3d,-0.3556362167000806,True,0.07086964757158237,43,100,0.08,converged,,bfgs_standard,"[{""ase_converged"": true, ""converged"": true, ""end_geometry_sha256"": ""9d2a4adb4ac0a78041299dcfa55c9ec95e19a3ff58486a87147f548d582cbc8a"", ""failure_class"": null, ""max_force_eV_A"": 0.07086964757158237, ""name"": ""bfgs_standard"", ""start_geometry_sha256"": ""cfc64973c075652454c7cf9138d8ae25d02890c19077a2bf4fee9d7eab0dbc32"", ""steps"": 43}]",9d2a4adb4ac0a78041299dcfa55c9ec95e19a3ff58486a87147f548d582cbc8a,-2.8404333591461146,True,0.06566462979571944,37,100,0.08,converged,,bfgs_standard,"[{""ase_converged"": true, ""converged"": true, ""end_geometry_sha256"": ""5fc47ef027eb3cd6170797b0b776e0fcbe46b7524e1eaf9b20bb4081aaaf18d7"", ""failure_class"": null, ""max_force_eV_A"": 0.06566462979571944, ""name"": ""bfgs_standard"", ""start_geometry_sha256"": ""c9c9255947f83ad2a5f07fbc7ea806f6274ffcf4921c1523168bfb418f0329c0"", ""steps"": 37}]",5fc47ef027eb3cd6170797b0b776e0fcbe46b7524e1eaf9b20bb4081aaaf18d7,2.9581764042377614,-0.239660382270813,0.7474445247650147,candidate,,3.6694488376379226,,-0.22761113078989298,1710194042.951578,1000.0,0.0,True,False,0.5775000000349999,False,quantitative_screening,2,2,25810913ec6523464e81,False,
"('DAC', 'Cr', 'Ga', 'N4O2', 'MoS2_sheet')",DAC,False,esen-sm-conserving-all-oc25:relax-v4:pyrolysis-v3,True,0.07862345109791322,457,150,0.08,converged,,bfgs_after_fire,"[{""ase_converged"": false, ""converged"": false, ""end_geometry_sha256"": ""742a197ac0772944cd5accbc7a8ba174e2dde691718f786646bd6ee5d7d725eb"", ""failure_class"": ""force_threshold"", ""max_force_eV_A"": 0.12469552073938536, ""name"": ""bfgs_standard"", ""start_geometry_sha256"": ""819476fcbf16b704334b407aebe5f98514f67ee442fe42e1e83d953adde4cf8f"", ""steps"": 150}, {""ase_converged"": false, ""converged"": false, ""end_geometry_sha256"": ""5c35f7b3d0bc355d24060ead2e693645b77dbcfac1c21d98881267023479a392"", ""failure_class"": ""force_threshold"", ""max_force_eV_A"": 1.512557163602694, ""name"": ""fire_precondition"", ""qualifying"": false, ""start_geometry_sha256"": ""819476fcbf16b704334b407aebe5f98514f67ee442fe42e1e83d953adde4cf8f"", ""steps"": 75}, {""ase_converged"": true, ""converged"": true, ""end_geometry_sha256"": ""7a1e5f1b83c81d1d84a79f00beba044e099a316a9dba62582527b3979e9376a4"", ""failure_class"": null, ""max_force_eV_A"": 0.07862345109791322, ""name"": ""bfgs_after_fire"", ""start_geometry_sha256"": ""5c35f7b3d0bc355d24060ead2e693645b77dbcfac1c21d98881267023479a392"", ""steps"": 232}]",7a1e5f1b83c81d1d84a79f00beba044e099a316a9dba62582527b3979e9376a4,-137.2337552608441,True,0.07061544942923696,305,100,0.08,converged,,bfgs_after_fire,"[{""ase_converged"": false, ""converged"": false, ""end_geometry_sha256"": ""e62c175eeb6374f64569bdec9d17d8924fa7c9a4a7ae383fcd3ccd83e8e10565"", ""failure_class"": ""force_threshold"", ""max_force_eV_A"": 0.13892596006395339, ""name"": ""bfgs_standard"", ""start_geometry_sha256"": ""5f0c2cc76beabf140e6ac485f9007f54bb8ef792630b65eaf6a466558c371bb4"", ""steps"": 100}, {""ase_converged"": false, ""converged"": false, ""end_geometry_sha256"": ""b427b8e2799b8795530db405fe791179edcb958ed148b78d262c6e2e5e0e7476"", ""failure_class"": ""force_threshold"", ""max_force_eV_A"": 0.5747173008878219, ""name"": ""fire_precondition"", ""qualifying"": false, ""start_geometry_sha256"": ""5f0c2cc76beabf140e6ac485f9007f54bb8ef792630b65eaf6a466558c371bb4"", ""steps"": 50}, {""ase_converged"": true, ""converged"": true, ""end_geometry_sha256"": ""186db2892cc71d961259c9570153fd2e76ca08ed27baf969357c39834f141a61"", ""failure_class"": null, ""max_force_eV_A"": 0.07061544942923696, ""name"": ""bfgs_after_fire"", ""start_geometry_sha256"": ""b427b8e2799b8795530db405fe791179edcb958ed148b78d262c6e2e5e0e7476"", ""steps"": 155}]",186db2892cc71d961259c9570153fd2e76ca08ed27baf969357c39834f141a61,-2.8343158736825025,True,0.07614390226002604,86,100,0.08,converged,,bfgs_standard,"[{""ase_converged"": true, ""converged"": true, ""end_geometry_sha256"": ""b5d62616c7784cd8fde9de4719a5ea60733273aa37d763346678aa5c95c7d4dc"", ""failure_class"": null, ""max_force_eV_A"": 0.07614390226002604, ""name"": ""bfgs_standard"", ""start_geometry_sha256"": ""3ac8f8fb43cd6007a557c0760f41a52b2cab6b3a00a6732022a74c9d3d2561b0"", ""steps"": 86}]",b5d62616c7784cd8fde9de4719a5ea60733273aa37d763346678aa5c95c7d4dc,-4.040567159652706,True,0.06993906446647756,315,100,0.08,converged,,bfgs_after_fire,"[{""ase_converged"": false, ""converged"": false, ""end_geometry_sha256"": ""3704655b2829270d4a733149436ad5466d23ba84d2011f16bb56f802ba764129"", ""failure_class"": ""force_threshold"", ""max_force_eV_A"": 0.9182640914859368, ""name"": ""bfgs_standard"", ""start_geometry_sha256"": ""947e0ecbe160fd85307918e1531fc09410f73a9ea5235065a75b4ffe68b3944b"", ""steps"": 100}, {""ase_converged"": false, ""converged"": false, ""end_geometry_sha256"": ""fb9e4984eee807a7e3fea35f222a84a778c993d9fdbea674240ab7030af9b576"", ""failure_class"": ""force_threshold"", ""max_force_eV_A"": 2.6728840068262114, ""name"": ""fire_precondition"", ""qualifying"": false, ""start_geometry_sha256"": ""947e0ecbe160fd85307918e1531fc09410f73a9ea5235065a75b4ffe68b3944b"", ""steps"": 50}, {""ase_converged"": true, ""converged"": true, ""end_geometry_sha256"": ""cf05c23f0c59e0000a8e83f3e514334841ea092406de44e585994e274c782d43"", ""failure_class"": null, ""max_force_eV_A"": 0.06993906446647756, ""name"": ""bfgs_after_fire"", ""start_geometry_sha256"": ""fb9e4984eee807a7e3fea35f222a84a778c993d9fdbea674240ab7030af9b576"", ""steps"": 165}]",cf05c23f0c59e0000a8e83f3e514334841ea092406de44e585994e274c782d43,-22.936148852109895,-3.9184738397598267,0.01,candidate,,-17.26751710474489,,-0.9587912264624947,8904349914533.771,1000.0,0.0,True,,,True,validation_required,1,1,81ad841bbc734016716d,False,Unphysical dE_C=-22.94 eV (|val|>10.0)
"('DAC', 'Mn', 'Ag', 'N4C2', 'N-mesoporous_carbon')",DAC,True,esen-sm-conserving-all-oc25:relax-v4:pyrolysis-v3,True,0.06060140313771006,111,150,0.08,converged,,bfgs_standard,"[{""ase_converged"": true, ""converged"": true, ""end_geometry_sha256"": ""ca994232280087f6647b427607aa8d89e04c68cc2cd8edcd70ea611f3311d700"", ""failure_class"": null, ""max_force_eV_A"": 0.06060140313771006, ""name"": ""bfgs_standard"", ""start_geometry_sha256"": ""938ba794e5df7c407c5c463d95adc37552240631716130551765e700669d6761"", ""steps"": 111}]",ca994232280087f6647b427607aa8d89e04c68cc2cd8edcd70ea611f3311d700,-151.99388959696708,True,0.07266457343890105,34,100,0.08,converged,,bfgs_standard,"[{""ase_converged"": true, ""converged"": true, ""end_geometry_sha256"": ""241a231ca202cbb0c5b5f3bf7594e83051c6a40c33a7a0e2be58cf16ad5fe42a"", ""failure_class"": null, ""max_force_eV_A"": 0.07266457343890105, ""name"": ""bfgs_standard"", ""start_geometry_sha256"": ""2a31bf9f49a7c791cdd0036fbcbf136ba1e3b83a1864303c99feaf7a8f106b94"", ""steps"": 34}]",241a231ca202cbb0c5b5f3bf7594e83051c6a40c33a7a0e2be58cf16ad5fe42a,-0.4758311286568677,True,0.07555792036924418,77,100,0.08,converged,,bfgs_standard,"[{""ase_converged"": true, ""converged"": true, ""end_geometry_sha256"": ""180654e913378ae82eebc6201807f66c1ab1585a26ac7123840dc8b2a8a99fe2"", ""failure_class"": null, ""max_force_eV_A"": 0.07555792036924418, ""name"": ""bfgs_standard"", ""start_geometry_sha256"": ""cce941418b19b88a58d1261aa89990285b3577d2ccace8cdba2d5c3ed6f43c02"", ""steps"": 77}]",180654e913378ae82eebc6201807f66c1ab1585a26ac7123840dc8b2a8a99fe2,-2.147830724716183,True,0.06137901827508948,42,100,0.08,converged,,bfgs_standard,"[{""ase_converged"": true, ""converged"": true, ""end_geometry_sha256"": ""27933e3ccbc6bcfb113b2134a5a0fe7a6181ae3ffe56b16a3d8907e3d0f44cec"", ""failure_class"": null, ""max_force_eV_A"": 0.06137901827508948, ""name"": ""bfgs_standard"", ""start_geometry_sha256"": ""dc878020b767b3be3c1f653443dc1d3047b5cda721296976b4abeb1e339085f4"", ""steps"": 42}]",27933e3ccbc6bcfb113b2134a5a0fe7a6181ae3ffe56b16a3d8907e3d0f44cec,2.9359014332294606,0.33274734020233154,1.1595780849456787,candidate,,3.887563690543196,,-0.8759400310999116,14321340.261793876,1000.0,-0.14721513131945207,True,False,0.5775000000349999,False,quantitative_screening,2,2,78192858407baf58c688,False,
"('MAXPhase', 'Ti', 'Bi', 'N', 3, 'Ti', 'edge_1120')",MAXPhase,True,esen-sm-conserving-all-oc25:relax-v4:pyrolysis-v3,True,0.06548515932035767,91,150,0.08,converged,,bfgs_standard,"[{""ase_converged"": true, ""converged"": true, ""end_geometry_sha256"": ""17395a2c8e92465c671b360c2b87faa1fa21bc97fff9e7bd5e79cb874fa2294c"", ""failure_class"": null, ""max_force_eV_A"": 0.06548515932035767, ""name"": ""bfgs_standard"", ""start_geometry_sha256"": ""2d31279ee7d87a1a25e04d135f11e97daa47587005d5e1e210b18d3b17dfbb7b"", ""steps"": 91}]",17395a2c8e92465c671b360c2b87faa1fa21bc97fff9e7bd5e79cb874fa2294c,-173.6703905953794,True,0.07647433906570998,32,100,0.08,converged,,bfgs_standard,"[{""ase_converged"": true, ""converged"": true, ""end_geometry_sha256"": ""f55d8bfe2c00502d469064f46693d4bf5e9caa8fdabcb70409d85bc77e849968"", ""failure_class"": null, ""max_force_eV_A"": 0.07647433906570998, ""name"": ""bfgs_standard"", ""start_geometry_sha256"": ""4792163fb20042f7a0e3f8635b957e4c39c40246371f6e4723d856b115816ad7"", ""steps"": 32}]",f55d8bfe2c00502d469064f46693d4bf5e9caa8fdabcb70409d85bc77e849968,0.06266059726479156,True,0.07120860094927736,48,100,0.08,converged,,bfgs_standard,"[{""ase_converged"": true, ""converged"": true, ""end_geometry_sha256"": ""004d7917f70aadb67935fa5748a0b21ab14a8ff9cba721d1062d456b9f774f80"", ""failure_class"": null, ""max_force_eV_A"": 0.07120860094927736, ""name"": ""bfgs_standard"", ""start_geometry_sha256"": ""01f79f8b959b47a0ab17130252146a089db94334a26d047f9c15a1afe86321b9"", ""steps"": 48}]",004d7917f70aadb67935fa5748a0b21ab14a8ff9cba721d1062d456b9f774f80,0.6275703907012975,True,0.06291413633544188,54,100,0.08,converged,,bfgs_standard,"[{""ase_converged"": true, ""converged"": true, ""end_geometry_sha256"": ""67d683e1f1e87a25d1732274c4e8aa050cb32c760e845e8d42ee5745973d849f"", ""failure_class"": null, ""max_force_eV_A"": 0.06291413633544188, ""name"": ""bfgs_standard"", ""start_geometry_sha256"": ""3bcb1156c0a92f83ae1859cc0b10bc597d0b4024b1efcc3deb2c4c0750123e68"", ""steps"": 54}]",67d683e1f1e87a25d1732274c4e8aa050cb32c760e845e8d42ee5745973d849f,1.9215257465839812,3.6466401815414713,3.5526481270790295,candidate,,1.796204552054398,,0.3351563142480529,1.2457803288169646e-05,1000.0,0.0,True,False,0.707500000035,False,quantitative_screening,0,0,66e62b15ca0f3e488564,False,
"('MAXPhase', 'V', 'P', 'C', 1, 'Cr', 'edge_1120')",MAXPhase,True,esen-sm-conserving-all-oc25:relax-v4:pyrolysis-v3,True,0.0,0,150,0.08,converged,,bfgs_standard,"[{""ase_converged"": true, ""converged"": true, ""end_geometry_sha256"": ""2e5bc305d48ffa6fccab956b4c32e09dca1b754938ca95eee90a54ef833069a1"", ""failure_class"": null, ""max_force_eV_A"": 0.0, ""name"": ""bfgs_standard"", ""start_geometry_sha256"": ""2e5bc305d48ffa6fccab956b4c32e09dca1b754938ca95eee90a54ef833069a1"", ""steps"": 0}]",2e5bc305d48ffa6fccab956b4c32e09dca1b754938ca95eee90a54ef833069a1,-111.4327101596204,True,0.07230114253067274,29,100,0.08,converged,,bfgs_standard,"[{""ase_converged"": true, ""converged"": true, ""end_geometry_sha256"": ""4235962cb30af3d8f8c355d74cdecc6433c1e25dec039264dbf24b53e083fc79"", ""failure_class"": null, ""max_force_eV_A"": 0.07230114253067274, ""name"": ""bfgs_standard"", ""start_geometry_sha256"": ""0cb8c14a8982c333be8716d5c5501ac37a7f71c9ec107309195650432b048744"", ""steps"": 29}]",4235962cb30af3d8f8c355d74cdecc6433c1e25dec039264dbf24b53e083fc79,0.0024799332022631404,True,0.07682268008751467,59,100,0.08,converged,,bfgs_standard,"[{""ase_converged"": true, ""converged"": true, ""end_geometry_sha256"": ""600cc946c054d7127aaa66816e678851f16fd5a4f9c23508401553409e360d69"", ""failure_class"": null, ""max_force_eV_A"": 0.07682268008751467, ""name"": ""bfgs_standard"", ""start_geometry_sha256"": ""f376bcf0a559b20506ae834d271ffe692ffa7be9ad09d328ff586156c224bfb7"", ""steps"": 59}]",600cc946c054d7127aaa66816e678851f16fd5a4f9c23508401553409e360d69,-2.354370832443262,True,0.06459235238109737,23,100,0.08,converged,,bfgs_standard,"[{""ase_converged"": true, ""converged"": true, ""end_geometry_sha256"": ""99535661974f11a4686b06bbbab0d86151c67de9d4cba52ebb314b3c7d38eee5"", ""failure_class"": null, ""max_force_eV_A"": 0.06459235238109737, ""name"": ""bfgs_standard"", ""start_geometry_sha256"": ""d943a2eaac8e197659880a767cd30d6c2942806ebc8bbe9c3048bd805c9c0203"", ""steps"": 23}]",99535661974f11a4686b06bbbab0d86151c67de9d4cba52ebb314b3c7d38eee5,2.207185536622987,0.6045182943343832,1.4231628060340682,candidate,,2.2022256702184606,,0.17314844922025258,672318.6148508332,1000.0,0.0,True,False,0.5199556092414295,False,quantitative_screening,2,2,3d43bc6b342b3fbaee2a,False,
"('MAXPhase', 'V', 'Ga', 'C', 2, 'Nb', 'edge_1120')",MAXPhase,True,esen-sm-conserving-all-oc25:relax-v4:pyrolysis-v3,True,0.05642481872242679,39,150,0.08,converged,,bfgs_standard,"[{""ase_converged"": true, ""converged"": true, ""end_geometry_sha256"": ""b5b5e4861ac43c47cb0922c3b47569b6a47a7d3f011434db756fcb007a413772"", ""failure_class"": null, ""max_force_eV_A"": 0.05642481872242679, ""name"": ""bfgs_standard"", ""start_geometry_sha256"": ""5021b75e13738b0890a026c59785db31ed7bc946c16a751cb29ed3b3c59f8a8b"", ""steps"": 39}]",b5b5e4861ac43c47cb0922c3b47569b6a47a7d3f011434db756fcb007a413772,-152.73831663809756,True,0.06144973747585974,16,100,0.08,converged,,bfgs_standard,"[{""ase_converged"": true, ""converged"": true, ""end_geometry_sha256"": ""5807ff5bca923b4e16cf4765378986e3c6347ce58d696d8e5ce31eb5aa62fd6f"", ""failure_class"": null, ""max_force_eV_A"": 0.06144973747585974, ""name"": ""bfgs_standard"", ""start_geometry_sha256"": ""db5a5ce153572a88788ba01d62f7cc56c49fa35a4193eb40ff73226bf73f098f"", ""steps"": 16}]",5807ff5bca923b4e16cf4765378986e3c6347ce58d696d8e5ce31eb5aa62fd6f,-0.2437282577156772,True,0.0380519984134117,59,100,0.08,converged,,bfgs_standard,"[{""ase_converged"": true, ""converged"": true, ""end_geometry_sha256"": ""c28de88c735d09701e7e6ef413c1bf441d9fe0aa8206828c2931622794d858a5"", ""failure_class"": null, ""max_force_eV_A"": 0.0380519984134117, ""name"": ""bfgs_standard"", ""start_geometry_sha256"": ""b085171a001f48f63cebb4ce956fdd5b55ca69a5af99ef700928be583a93f27b"", ""steps"": 59}]",c28de88c735d09701e7e6ef413c1bf441d9fe0aa8206828c2931622794d858a5,-2.596649885177552,True,0.07072765734526514,22,100,0.08,converged,,bfgs_standard,"[{""ase_converged"": true, ""converged"": true, ""end_geometry_sha256"": ""1931a0058864f8403138a62fef5966b2d2df200e11e5e3bf50b462707e4e255f"", ""failure_class"": null, ""max_force_eV_A"": 0.07072765734526514, ""name"": ""bfgs_standard"", ""start_geometry_sha256"": ""311ef92ec69953c038c3d352530291e5e2ff0de86b6f0a65894a3a41dca03a83"", ""steps"": 22}]",1931a0058864f8403138a62fef5966b2d2df200e11e5e3bf50b462707e4e255f,3.847726613283143,0.11603105068215314,1.081221735477507,candidate,,4.3351831287144975,,0.20337267712552604,35553493.73935464,1000.0,0.0,True,False,0.707500000035,False,quantitative_screening,0,0,856ec61c90b2e5afda28,False,
"('MAXPhase', 'V', 'In', 'C', 3, 'Hf', 'edge_1010')",MAXPhase,True,esen-sm-conserving-all-oc25:relax-v4:pyrolysis-v3,True,0.07637388161021509,83,150,0.08,converged,,bfgs_standard,"[{""ase_converged"": true, ""converged"": true, ""end_geometry_sha256"": ""2c226f052a97860772c830d0dba55c59fcecfa8aaf21eebe8789f8d0853caae8"", ""failure_class"": null, ""max_force_eV_A"": 0.07637388161021509, ""name"": ""bfgs_standard"", ""start_geometry_sha256"": ""554880e42b2bbf6c94a19bd9b9b117922e2fda2d226b546b7f9d4bd045518b45"", ""steps"": 83}]",2c226f052a97860772c830d0dba55c59fcecfa8aaf21eebe8789f8d0853caae8,-329.9295759184012,True,0.07895727791930686,37,100,0.08,converged,,bfgs_standard,"[{""ase_converged"": true, ""converged"": true, ""end_geometry_sha256"": ""4bd0bb76c9113002d88d0d85030abd06dfaf75844ad43cc7f2f925c88ee1a2aa"", ""failure_class"": null, ""max_force_eV_A"": 0.07895727791930686, ""name"": ""bfgs_standard"", ""start_geometry_sha256"": ""baf1078f4b5973f6bebeb55cd1f16fbc6aa5ee00adb7acca839a5a499b176332"", ""steps"": 37}]",4bd0bb76c9113002d88d0d85030abd06dfaf75844ad43cc7f2f925c88ee1a2aa,-0.41252479702237466,True,0.07658038465715797,99,100,0.08,converged,,bfgs_standard,"[{""ase_converged"": true, ""converged"": true, ""end_geometry_sha256"": ""ffa1cb80f576c11913cb0eec7e829d62f41d1d46398ecddca2fb93d0ddadc82e"", ""failure_class"": null, ""max_force_eV_A"": 0.07658038465715797, ""name"": ""bfgs_standard"", ""start_geometry_sha256"": ""e93baaa64151a25af27395a915a7f8e64a0d87e3d2db0839694bf916b7f14643"", ""steps"": 99}]",ffa1cb80f576c11913cb0eec7e829d62f41d1d46398ecddca2fb93d0ddadc82e,-4.159334897994992,True,0.07042753734184783,78,100,0.08,converged,,bfgs_standard,"[{""ase_converged"": true, ""converged"": true, ""end_geometry_sha256"": ""19f4c7c93e2136a1e31e1208f3102471e26742ff78df4248d07b658a8c94bfe1"", ""failure_class"": null, ""max_force_eV_A"": 0.07042753734184783, ""name"": ""bfgs_standard"", ""start_geometry_sha256"": ""4d295826fc29e256ab639075091d8e2858cc3a3992a6f8140205b0f5635dcc69"", ""steps"": 78}]",19f4c7c93e2136a1e31e1208f3102471e26742ff78df4248d07b658a8c94bfe1,-0.23327848315240374,-1.615450501441984,0.01,candidate,,0.5917711108923456,,-0.3783686558822808,8904349914533.771,1000.0,-0.6971716603737834,True,True,0.707500000035,True,quantitative_screening,2,2,4bac9354b136f005ccc2,False,
"('HEA', ('V', 'Rh', 'Pd', 'Al', 'Ge'), 'bcc', '100', 800)",HEA,True,esen-sm-conserving-all-oc25:relax-v4:pyrolysis-v3,True,0.07112323666324913,13,150,0.08,converged,,bfgs_standard,"[{""ase_converged"": true, ""converged"": true, ""end_geometry_sha256"": ""1f467a354bd1b2d6976bb133682b7c95c6016ddcb2b473d63333577ca30d314c"", ""failure_class"": null, ""max_force_eV_A"": 0.07112323666324913, ""name"": ""bfgs_standard"", ""start_geometry_sha256"": ""530f580f83886709ddc60338cf3a6d570dfb5ef4cdaa967f98d11c740a623ecf"", ""steps"": 13}]",1f467a354bd1b2d6976bb133682b7c95c6016ddcb2b473d63333577ca30d314c,-295.18001091328694,True,0.06625655772118166,32,100,0.08,converged,,bfgs_standard,"[{""ase_converged"": true, ""converged"": true, ""end_geometry_sha256"": ""6fe75f735d4e8d44d7bcdd1ccb2b3afc02f9266d48dfc9800f94e809102c059d"", ""failure_class"": null, ""max_force_eV_A"": 0.06625655772118166, ""name"": ""bfgs_standard"", ""start_geometry_sha256"": ""9161be4988c8545e4a44995878c5985f5ce5363e9ac298cfb70a1d657739e21d"", ""steps"": 32}]",6fe75f735d4e8d44d7bcdd1ccb2b3afc02f9266d48dfc9800f94e809102c059d,-0.9629455581307731,True,0.06896881379372694,68,100,0.08,converged,,bfgs_standard,"[{""ase_converged"": true, ""converged"": true, ""end_geometry_sha256"": ""449d10bf89a72f2cccb11d4def68e1672e0fdceb635fcd956cf4254b43523a76"", ""failure_class"": null, ""max_force_eV_A"": 0.06896881379372694, ""name"": ""bfgs_standard"", ""start_geometry_sha256"": ""d9a6d2e7540b10ccabeb66ed17008c544a667ebdab9889f03df3b6925a4ff6c8"", ""steps"": 68}]",449d10bf89a72f2cccb11d4def68e1672e0fdceb635fcd956cf4254b43523a76,-4.502505064010617,True,0.05455802878726637,19,100,0.08,converged,,bfgs_standard,"[{""ase_converged"": true, ""converged"": true, ""end_geometry_sha256"": ""16d1f495ada8219ab613c8c6f1e64e27e175ae805188067e78de89ddf7ac2f94"", ""failure_class"": null, ""max_force_eV_A"": 0.05455802878726637, ""name"": ""bfgs_standard"", ""start_geometry_sha256"": ""cba198ec29d76b5959cf95fef49def77a8a3901be8d2deb9a265f51efe86182d"", ""steps"": 19}]",16d1f495ada8219ab613c8c6f1e64e27e175ae805188067e78de89ddf7ac2f94,0.21440866589544783,-2.5090414285660074,0.01,candidate,,2.140299782156994,,-0.6899428288559193,8904349914533.771,1000.0,-1.061294560251497,True,True,0.902500000035,True,quantitative_screening,0,0,ced47b4d140bc1443375,False,
"('HEA', ('Cr', 'Zr', 'Ta', 'Au', 'Bi'), 'fcc_bcc_dual', '211', 800)",HEA,True,esen-sm-conserving-all-oc25:relax-v4:pyrolysis-v3,True,0.07470946312912453,122,150,0.08,converged,,bfgs_standard,"[{""ase_converged"": true, ""converged"": true, ""end_geometry_sha256"": ""2151b5da33d092eb1138c5a12d61724b16a5dbbaf7c63ab2d84f6260cb2eaf96"", ""failure_class"": null, ""max_force_eV_A"": 0.07470946312912453, ""name"": ""bfgs_standard"", ""start_geometry_sha256"": ""19ffc2f5d2f92855829a756afc5cd3cf49c9eb444d588551791f5bc07888231f"", ""steps"": 122}]",2151b5da33d092eb1138c5a12d61724b16a5dbbaf7c63ab2d84f6260cb2eaf96,-168.37782486315962,True,0.0762433429663086,36,100,0.08,converged,,bfgs_standard,"[{""ase_converged"": true, ""converged"": true, ""end_geometry_sha256"": ""75322dac6e1434115cf56d26f0a18069967007d719b43bc20180d54da90bba39"", ""failure_class"": null, ""max_force_eV_A"": 0.0762433429663086, ""name"": ""bfgs_standard"", ""start_geometry_sha256"": ""c5983cc4518e205e0a247babda49474d54191d392486cafe1e7548bb44433bd0"", ""steps"": 36}]",75322dac6e1434115cf56d26f0a18069967007d719b43bc20180d54da90bba39,0.08319892734291656,True,0.06683899489572229,91,100,0.08,converged,,bfgs_standard,"[{""ase_converged"": true, ""converged"": true, ""end_geometry_sha256"": ""1d6889119a08a4ff200b009472048092846a6ab5ee0a25cdf4d82eb6954af331"", ""failure_class"": null, ""max_force_eV_A"": 0.06683899489572229, ""name"": ""bfgs_standard"", ""start_geometry_sha256"": ""84854c7b0876e1b54a6c812935673126ed5f37a72ee94a95e870c5091aa4f933"", ""steps"": 91}]",1d6889119a08a4ff200b009472048092846a6ab5ee0a25cdf4d82eb6954af331,-1.9240806102751513,True,0.0612678422423557,34,100,0.08,converged,,bfgs_standard,"[{""ase_converged"": true, ""converged"": true, ""end_geometry_sha256"": ""01cc6a0b67c30879f79891a2abbac1c5d475df5f7a0d5ad5c57c58096574e5fd"", ""failure_class"": null, ""max_force_eV_A"": 0.0612678422423557, ""name"": ""bfgs_standard"", ""start_geometry_sha256"": ""3952f81d8adf4435e4b2286b0abfbeead69bebef12bd33646ed91af0e6b30e7b"", ""steps"": 34}]",01cc6a0b67c30879f79891a2abbac1c5d475df5f7a0d5ad5c57c58096574e5fd,0.8977220356465381,1.1155275106431475,1.770111458301655,candidate,,0.731324180960705,,-0.00807110698618203,11995.846140629816,1000.0,-1.9870943640161156,True,False,0.902500000035,False,quantitative_screening,0,0,7da35e7b16639342de41,False,
"('HEA', ('Mn', 'Zr', 'Nb', 'Ag', 'Ir'), 'bcc', '100', 800)",HEA,True,esen-sm-conserving-all-oc25:relax-v4:pyrolysis-v3,True,0.07014767930219681,481,150,0.08,converged,,bfgs_after_fire,"[{""ase_converged"": false, ""converged"": false, ""end_geometry_sha256"": ""704626619c04324681de201e7f56432847d3e174c1cc75230eef984ebe31e512"", ""failure_class"": ""force_threshold"", ""max_force_eV_A"": 0.1731601163965237, ""name"": ""bfgs_standard"", ""start_geometry_sha256"": ""2eca107a13c70a7e5352575b9c2b6043ab0f71f85ad7dc7b8a524ca4d9d6a4bb"", ""steps"": 150}, {""ase_converged"": false, ""converged"": false, ""end_geometry_sha256"": ""1c719851d397f48adecb11dfe3077fb7ab96621d59cf11b52139ffa9aa90770a"", ""failure_class"": ""force_threshold"", ""max_force_eV_A"": 2.707572342556324, ""name"": ""fire_precondition"", ""qualifying"": false, ""start_geometry_sha256"": ""2eca107a13c70a7e5352575b9c2b6043ab0f71f85ad7dc7b8a524ca4d9d6a4bb"", ""steps"": 75}, {""ase_converged"": true, ""converged"": true, ""end_geometry_sha256"": ""e046304276e666a41dad084027e89c65dc873854fe243d478dad9ea69eba3548"", ""failure_class"": null, ""max_force_eV_A"": 0.07014767930219681, ""name"": ""bfgs_after_fire"", ""start_geometry_sha256"": ""1c719851d397f48adecb11dfe3077fb7ab96621d59cf11b52139ffa9aa90770a"", ""steps"": 256}]",e046304276e666a41dad084027e89c65dc873854fe243d478dad9ea69eba3548,-365.6267373728817,True,0.07868904565849544,72,100,0.08,converged,,bfgs_standard,"[{""ase_converged"": true, ""converged"": true, ""end_geometry_sha256"": ""47b294a8447aae2e27a4d2796076b55551b02ea09404b4e582059c96008cbc90"", ""failure_class"": null, ""max_force_eV_A"": 0.07868904565849544, ""name"": ""bfgs_standard"", ""start_geometry_sha256"": ""1c17683d7c2c71d5320217f2ebf2563530acb0b82ac4313cc1629badef740173"", ""steps"": 72}]",47b294a8447aae2e27a4d2796076b55551b02ea09404b4e582059c96008cbc90,0.10514106601479156,True,0.0763035584584333,282,100,0.08,converged,,bfgs_after_fire,"[{""ase_converged"": false, ""converged"": false, ""end_geometry_sha256"": ""94e161729e6c8e5a2f10b49e66807a80597bfae6295edc560852c5e1fe79b28e"", ""failure_class"": ""force_threshold"", ""max_force_eV_A"": 0.2645943647730883, ""name"": ""bfgs_standard"", ""start_geometry_sha256"": ""0dbf626f93049b24986d462aa58421db29303ddfb14b5352a95e26ca3529626d"", ""steps"": 100}, {""ase_converged"": false, ""converged"": false, ""end_geometry_sha256"": ""318bb69a9fc929bdb50125b33b4350fa31c8b87b8c9db3ab635c406e7c2ca294"", ""failure_class"": ""force_threshold"", ""max_force_eV_A"": 0.5800482003888938, ""name"": ""fire_precondition"", ""qualifying"": false, ""start_geometry_sha256"": ""0dbf626f93049b24986d462aa58421db29303ddfb14b5352a95e26ca3529626d"", ""steps"": 50}, {""ase_converged"": true, ""converged"": true, ""end_geometry_sha256"": ""d95c56377851cc980ab1ffca800905250a90f84a01fda016c0d0eae8443724bb"", ""failure_class"": null, ""max_force_eV_A"": 0.0763035584584333, ""name"": ""bfgs_after_fire"", ""start_geometry_sha256"": ""318bb69a9fc929bdb50125b33b4350fa31c8b87b8c9db3ab635c406e7c2ca294"", ""steps"": 132}]",d95c56377851cc980ab1ffca800905250a90f84a01fda016c0d0eae8443724bb,-7.286637067794796,True,0.07360895256094678,82,100,0.08,converged,,bfgs_standard,"[{""ase_converged"": true, ""converged"": true, ""end_geometry_sha256"": ""470671fb2b4294ef118e6dbf2b41e709d2d62367137fc9c8c5dfe964f94465c5"", ""failure_class"": null, ""max_force_eV_A"": 0.07360895256094678, ""name"": ""bfgs_standard"", ""start_geometry_sha256"": ""fb7424ccc2c66bdfdc0773d8384f757d7ac4fc9c449b322015cfbc1f5329e6ea"", ""steps"": 82}]",470671fb2b4294ef118e6dbf2b41e709d2d62367137fc9c8c5dfe964f94465c5,-1.6963941752910756,-4.2250868082046225,0.01,candidate,,-1.9066763073206587,,-0.2883639946466644,8904349914533.771,1000.0,-1.051480476576626,True,True,0.902500000035,True,quantitative_screening,2,2,bfed83b2b490b855b1a9,False,
"('HEA', ('Fe', 'Nb', 'Ru', 'Si', 'Ge'), 'fcc_bcc_dual', '211', 800)",HEA,True,esen-sm-conserving-all-oc25:relax-v4:pyrolysis-v3,True,0.07899181956405701,76,150,0.08,converged,,bfgs_standard,"[{""ase_converged"": true, ""converged"": true, ""end_geometry_sha256"": ""3f5589ab785705694241434c2d463ec619fa15df06d066ce16d6380dc13b5efd"", ""failure_class"": null, ""max_force_eV_A"": 0.07899181956405701, ""name"": ""bfgs_standard"", ""start_geometry_sha256"": ""f909507eff2d7f8b43b3b3da1aff98ed4a20aa273f07cf4de2bb1124a7b5c6fa"", ""steps"": 76}]",3f5589ab785705694241434c2d463ec619fa15df06d066ce16d6380dc13b5efd,-178.57573440370874,True,0.07359138726667873,59,100,0.08,converged,,bfgs_standard,"[{""ase_converged"": true, ""converged"": true, ""end_geometry_sha256"": ""607bf1b964363dc4e97e5f7bfa4050a1deb12701ee4c855f78f377e6c498bef4"", ""failure_class"": null, ""max_force_eV_A"": 0.07359138726667873, ""name"": ""bfgs_standard"", ""start_geometry_sha256"": ""e1a1202d3c9683b87893513827c23b6e1249cb3f44b915c476f5c87a9e81546e"", ""steps"": 59}]",607bf1b964363dc4e97e5f7bfa4050a1deb12701ee4c855f78f377e6c498bef4,-0.9486385360360465,True,0.05986860511151419,280,100,0.08,converged,,bfgs_after_fire,"[{""ase_converged"": false, ""converged"": false, ""end_geometry_sha256"": ""57a1267b38b548f7761a5e4bbd262d25a94faf90a3b10b96405a46295dc9dc86"", ""failure_class"": ""force_threshold"", ""max_force_eV_A"": 0.3383385227442963, ""name"": ""bfgs_standard"", ""start_geometry_sha256"": ""7d4da01bde15bbf50e58248b5c5ddcebe76a491503800f00fffa8844713ba4b9"", ""steps"": 100}, {""ase_converged"": false, ""converged"": false, ""end_geometry_sha256"": ""604bf063d8fa736bbf55a426086e973d1673ce71f595f52c7faa4c8efa20bbe8"", ""failure_class"": ""force_threshold"", ""max_force_eV_A"": 4.462844660645176, ""name"": ""fire_precondition"", ""qualifying"": false, ""start_geometry_sha256"": ""7d4da01bde15bbf50e58248b5c5ddcebe76a491503800f00fffa8844713ba4b9"", ""steps"": 50}, {""ase_converged"": true, ""converged"": true, ""end_geometry_sha256"": ""da7b531ce97871dfe283effe79c820223bfbccc5d863b3c2bed5e1482f118a11"", ""failure_class"": null, ""max_force_eV_A"": 0.05986860511151419, ""name"": ""bfgs_after_fire"", ""start_geometry_sha256"": ""604bf063d8fa736bbf55a426086e973d1673ce71f595f52c7faa4c8efa20bbe8"", ""steps"": 130}]",da7b531ce97871dfe283effe79c820223bfbccc5d863b3c2bed5e1482f118a11,-2.5537040233612593,True,0.0787908380347806,95,100,0.08,converged,,bfgs_standard,"[{""ase_converged"": true, ""converged"": true, ""end_geometry_sha256"": ""785625279a64dbf5854935541b4d2d5723f6a051e662bae84b26fed3b07cdd47"", ""failure_class"": null, ""max_force_eV_A"": 0.0787908380347806, ""name"": ""bfgs_standard"", ""start_geometry_sha256"": ""2a29075a22cd4ae203998550ed49249a855b2ba943d417009fee37c110176247"", ""steps"": 95}]",785625279a64dbf5854935541b4d2d5723f6a051e662bae84b26fed3b07cdd47,0.43749406933783064,-0.5459333658219236,0.47417197465889954,candidate,,2.3347711414099237,,0.1310237075332111,40764153287.16445,1000.0,0.0,True,False,0.902500000035,False,quantitative_screening,0,0,e40b9a32452d7b1e6f1f,False,
"('Spinel', 'Co', 'Ti', 'Ce', 'nanosheet', 'carbon_black')",Spinel,True,esen-sm-conserving-all-oc25:relax-v4:pyrolysis-v3,True,0.0782718647293792,437,150,0.08,converged,,bfgs_after_fire,"[{""ase_converged"": false, ""converged"": false, ""end_geometry_sha256"": ""983cd9a0b61f8be3731cf41cc3a922d30a616da9b84a805a2f09dd0dcac09e7d"", ""failure_class"": ""force_threshold"", ""max_force_eV_A"": 0.22156436729348652, ""name"": ""bfgs_standard"", ""start_geometry_sha256"": ""57a2e6f087dc176da5765105ebd629f7a6b753fab6c937ef4beb67d2d801b92a"", ""steps"": 150}, {""ase_converged"": false, ""converged"": false, ""end_geometry_sha256"": ""1a498925b7bb4964cf20f351e97f334b638ea0d8d9d7eedbd3bffcc3e97c2426"", ""failure_class"": ""force_threshold"", ""max_force_eV_A"": 0.9335178689709025, ""name"": ""fire_precondition"", ""qualifying"": false, ""start_geometry_sha256"": ""57a2e6f087dc176da5765105ebd629f7a6b753fab6c937ef4beb67d2d801b92a"", ""steps"": 75}, {""ase_converged"": true, ""converged"": true, ""end_geometry_sha256"": ""8b8a78ec6d311dbc1cb3337abb0436716d6950342ad38b1502e7069f9a9c6488"", ""failure_class"": null, ""max_force_eV_A"": 0.0782718647293792, ""name"": ""bfgs_after_fire"", ""start_geometry_sha256"": ""1a498925b7bb4964cf20f351e97f334b638ea0d8d9d7eedbd3bffcc3e97c2426"", ""steps"": 212}]",8b8a78ec6d311dbc1cb3337abb0436716d6950342ad38b1502e7069f9a9c6488,-435.8057138495711,True,0.07277946834070044,60,100,0.08,converged,,bfgs_standard,"[{""ase_converged"": true, ""converged"": true, ""end_geometry_sha256"": ""3fbd6c13ca973b56d796bc1103d0c486b768ff0a64aacf8891d39153859ebdc7"", ""failure_class"": null, ""max_force_eV_A"": 0.07277946834070044, ""name"": ""bfgs_standard"", ""start_geometry_sha256"": ""1feeca6e8596428c0d7cc6a074a4f2eb289297f2ad843cedfe08b58fd066660a"", ""steps"": 60}]",3fbd6c13ca973b56d796bc1103d0c486b768ff0a64aacf8891d39153859ebdc7,1.0432847961784226,True,0.0760380565465413,44,100,0.08,converged,,bfgs_standard,"[{""ase_converged"": true, ""converged"": true, ""end_geometry_sha256"": ""7b3fc0fbdfa6e076f21d6a7ba82c36b22da6bc41d8ad7f075cbb068e5eb7f012"", ""failure_class"": null, ""max_force_eV_A"": 0.0760380565465413, ""name"": ""bfgs_standard"", ""start_geometry_sha256"": ""92f1defa2cee07beae6db989c9e27798314403c4939fa77666f282602544380f"", ""steps"": 44}]",7b3fc0fbdfa6e076f21d6a7ba82c36b22da6bc41d8ad7f075cbb068e5eb7f012,-1.687884092330929,True,0.07902544660551035,73,100,0.08,converged,,bfgs_standard,"[{""ase_converged"": true, ""converged"": true, ""end_geometry_sha256"": ""fee701fffb1ec637808b40ace8d09be8f3b586e8dc3ae03fefe121735d076c58"", ""failure_class"": null, ""max_force_eV_A"": 0.07902544660551035, ""name"": ""bfgs_standard"", ""start_geometry_sha256"": ""1b4fe2376c461adbcf1b0620deb7f40b68f977e9c8a0261a866ae7d7f64e985c"", ""steps"": 73}]",fee701fffb1ec637808b40ace8d09be8f3b586e8dc3ae03fefe121735d076c58,5.193529874086366,2.311809897422876,2.7408497405052676,candidate,,3.1069602817295205,,0.21947501660405236,0.1537181922739147,1000.0,0.0,True,False,0.6852014328916924,False,quantitative_screening,1,1,4480b63cf40888b6bc66,False,
"('Spinel', 'Co', 'V', 'La', 'nanosheet', 'carbon_black')",Spinel,True,esen-sm-conserving-all-oc25:relax-v4:pyrolysis-v3,True,0.07424765442632544,408,150,0.08,converged,,bfgs_after_fire,"[{""ase_converged"": false, ""converged"": false, ""end_geometry_sha256"": ""d61207367f1a2dbaa0f82ca971a962f13d4fc8d0d8d80d5d7a6b09515cff7964"", ""failure_class"": ""force_threshold"", ""max_force_eV_A"": 0.26598259215474357, ""name"": ""bfgs_standard"", ""start_geometry_sha256"": ""b8761575ab21ac8c5612742c311ee169e707cdff04cb3a90a81903871ef1a170"", ""steps"": 150}, {""ase_converged"": false, ""converged"": false, ""end_geometry_sha256"": ""4aa5b20a7dbea51af6ca4e3ef2e6be65be467122c3f4a126e40b84c2a7ab66dd"", ""failure_class"": ""force_threshold"", ""max_force_eV_A"": 1.448034558347455, ""name"": ""fire_precondition"", ""qualifying"": false, ""start_geometry_sha256"": ""b8761575ab21ac8c5612742c311ee169e707cdff04cb3a90a81903871ef1a170"", ""steps"": 75}, {""ase_converged"": true, ""converged"": true, ""end_geometry_sha256"": ""fcc60d77961781c11d3e9d89e0b53a4b7a00f6d2d78b154c4ece9a6af1d929ca"", ""failure_class"": null, ""max_force_eV_A"": 0.07424765442632544, ""name"": ""bfgs_after_fire"", ""start_geometry_sha256"": ""4aa5b20a7dbea51af6ca4e3ef2e6be65be467122c3f4a126e40b84c2a7ab66dd"", ""steps"": 183}]",fcc60d77961781c11d3e9d89e0b53a4b7a00f6d2d78b154c4ece9a6af1d929ca,-425.65650095424695,True,0.06570748695894454,35,100,0.08,converged,,bfgs_standard,"[{""ase_converged"": true, ""converged"": true, ""end_geometry_sha256"": ""c33423716db56d516545f9238687bd43d250837413c822b309bbdb035e74f0bf"", ""failure_class"": null, ""max_force_eV_A"": 0.06570748695894454, ""name"": ""bfgs_standard"", ""start_geometry_sha256"": ""58bcc4b33b0a40fe5cce50ac74b284e98b4a563eb9915d625f3bb3d78f6e887a"", ""steps"": 35}]",c33423716db56d516545f9238687bd43d250837413c822b309bbdb035e74f0bf,1.157120607793356,True,0.07880641542213906,55,100,0.08,converged,,bfgs_standard,"[{""ase_converged"": true, ""converged"": true, ""end_geometry_sha256"": ""7fa5fe2e5f2520ac52968c211e82d2835e20e9681563b308a7a6f8192e9994f1"", ""failure_class"": null, ""max_force_eV_A"": 0.07880641542213906, ""name"": ""bfgs_standard"", ""start_geometry_sha256"": ""20d9d1e4a4754d99cba0083810894e8156c9d58d360372b89b538b4c26db3a48"", ""steps"": 55}]",7fa5fe2e5f2520ac52968c211e82d2835e20e9681563b308a7a6f8192e9994f1,-1.5073187351226203,True,0.05546129153350636,72,100,0.08,converged,,bfgs_standard,"[{""ase_converged"": true, ""converged"": true, ""end_geometry_sha256"": ""cc8c58e729f98f176c339fc0266ed5dfbdb1d388a98ad15389940008dc4a1f42"", ""failure_class"": null, ""max_force_eV_A"": 0.05546129153350636, ""name"": ""bfgs_standard"", ""start_geometry_sha256"": ""b50f95594e34947b0f5c97a68d5dedeb7bcf17b18da9843d60f79025d85512a6"", ""steps"": 72}]",cc8c58e729f98f176c339fc0266ed5dfbdb1d388a98ad15389940008dc4a1f42,4.2089388668537,2.606211066246118,2.9116024184227483,candidate,,1.8946976512669877,,0.17328141690312462,0.021191887864914764,1000.0,0.0,True,False,0.6852014328916924,False,quantitative_screening,0,0,c19ae0bbd92a17c5269a,False,
"('Spinel', 'Co', 'Ni', 'Y', 'nanosheet', 'carbon_black')",Spinel,True,esen-sm-conserving-all-oc25:relax-v4:pyrolysis-v3,True,0.07897184964274245,103,150,0.08,converged,,bfgs_standard,"[{""ase_converged"": true, ""converged"": true, ""end_geometry_sha256"": ""ee64bc1f7e3b6ec428f33ef2af9bea40079aa86158053552cc72e74a56201e59"", ""failure_class"": null, ""max_force_eV_A"": 0.07897184964274245, ""name"": ""bfgs_standard"", ""start_geometry_sha256"": ""e34ee627a9925fb84d44649ade6625ec32e7dbf9281ec40340a43aed3200168e"", ""steps"": 103}]",ee64bc1f7e3b6ec428f33ef2af9bea40079aa86158053552cc72e74a56201e59,-311.93827403584527,True,0.04578104403510447,33,100,0.08,converged,,bfgs_standard,"[{""ase_converged"": true, ""converged"": true, ""end_geometry_sha256"": ""7564bfa3d13ec53c34c0110f91f6c1244635f0d4b66d803a06a1b55a816eeac5"", ""failure_class"": null, ""max_force_eV_A"": 0.04578104403510447, ""name"": ""bfgs_standard"", ""start_geometry_sha256"": ""da3e9c5cc5695e9532eabb848bb9e03d4d4a77067370b833c00bf750b1e04ab7"", ""steps"": 33}]",7564bfa3d13ec53c34c0110f91f6c1244635f0d4b66d803a06a1b55a816eeac5,-0.10470924526444847,True,0.07321745405073209,89,100,0.08,converged,,bfgs_standard,"[{""ase_converged"": true, ""converged"": true, ""end_geometry_sha256"": ""549176721f3b449384c267d621e4957f11c8110018463a3098640a99a33339e5"", ""failure_class"": null, ""max_force_eV_A"": 0.07321745405073209, ""name"": ""bfgs_standard"", ""start_geometry_sha256"": ""c05b4abd27185225cdbfde695e0f739e4085c4d0e4447aa37a98ba4fa90f36e0"", ""steps"": 89}]",549176721f3b449384c267d621e4957f11c8110018463a3098640a99a33339e5,-2.628479719161927,True,0.06850874760326997,84,100,0.08,converged,,bfgs_standard,"[{""ase_converged"": true, ""converged"": true, ""end_geometry_sha256"": ""734d8f721697d427e206d791af588adad13dbfd150254f517196cf64b9060ade"", ""failure_class"": null, ""max_force_eV_A"": 0.06850874760326997, ""name"": ""bfgs_standard"", ""start_geometry_sha256"": ""eb5ce2e208691fdecb42d57e5c0e2271a5d799cbfe47dc631b8bfc48b44793bd"", ""steps"": 84}]",734d8f721697d427e206d791af588adad13dbfd150254f517196cf64b9060ade,1.034501820802788,0.22322022914900685,1.529467732906424,candidate,,1.243920311331685,,0.03167603970585899,195804.14650147635,1000.0,0.0,True,False,0.740000000035,False,quantitative_screening,1,1,f3d0a4aefe64cde66b17,False,
"('Spinel', 'Co', 'Cu', 'Nb', 'nanosheet', 'carbon_black')",Spinel,True,esen-sm-conserving-all-oc25:relax-v4:pyrolysis-v3,True,0.0706160385350972,356,150,0.08,converged,,bfgs_after_fire,"[{""ase_converged"": false, ""converged"": false, ""end_geometry_sha256"": ""7fbd0e56b6e5a9bf6ba78e8ffa4dee72e650178b423545e902f7b4cd791c14fb"", ""failure_class"": ""force_threshold"", ""max_force_eV_A"": 0.133600792489519, ""name"": ""bfgs_standard"", ""start_geometry_sha256"": ""63d2888d16df836d8fb398693485461f7a9d086276ab71863f80fd6a7749cd8f"", ""steps"": 150}, {""ase_converged"": false, ""converged"": false, ""end_geometry_sha256"": ""24a0896810865112d397448f8a9c93f347572a9ed50f6b66230a264cc40f11e9"", ""failure_class"": ""force_threshold"", ""max_force_eV_A"": 1.9716186607913595, ""name"": ""fire_precondition"", ""qualifying"": false, ""start_geometry_sha256"": ""63d2888d16df836d8fb398693485461f7a9d086276ab71863f80fd6a7749cd8f"", ""steps"": 75}, {""ase_converged"": true, ""converged"": true, ""end_geometry_sha256"": ""d8b41d684f190db1a709b314285778afb102345b3849709a7bd5ab41b3b3fbbb"", ""failure_class"": null, ""max_force_eV_A"": 0.0706160385350972, ""name"": ""bfgs_after_fire"", ""start_geometry_sha256"": ""24a0896810865112d397448f8a9c93f347572a9ed50f6b66230a264cc40f11e9"", ""steps"": 131}]",d8b41d684f190db1a709b314285778afb102345b3849709a7bd5ab41b3b3fbbb,-286.0826863242063,True,0.07409468588922163,327,100,0.08,converged,,bfgs_after_fire,"[{""ase_converged"": false, ""converged"": false, ""end_geometry_sha256"": ""2e083f2f521c20a18b6997160e88a416fd9cab55f1b47c446462f1e5eb304446"", ""failure_class"": ""force_threshold"", ""max_force_eV_A"": 0.08397460827245784, ""name"": ""bfgs_standard"", ""start_geometry_sha256"": ""945ad0b3b0c59153207920c67d0e2e93770427ab0d5d83a41974130679b87141"", ""steps"": 100}, {""ase_converged"": true, ""converged"": true, ""end_geometry_sha256"": ""59859b90c4a46256bd1b732d3f10e2b2ad42a9dbb6d53e59e7e5ca3540950d63"", ""failure_class"": null, ""max_force_eV_A"": 0.21925764265352335, ""name"": ""fire_precondition"", ""qualifying"": false, ""start_geometry_sha256"": ""945ad0b3b0c59153207920c67d0e2e93770427ab0d5d83a41974130679b87141"", ""steps"": 39}, {""ase_converged"": true, ""converged"": true, ""end_geometry_sha256"": ""d0950a9efc4eeebb6f28037b439b17f78ecbde3074dd8a100f99215c8edb7b81"", ""failure_class"": null, ""max_force_eV_A"": 0.07409468588922163, ""name"": ""bfgs_after_fire"", ""start_geometry_sha256"": ""59859b90c4a46256bd1b732d3f10e2b2ad42a9dbb6d53e59e7e5ca3540950d63"", ""steps"": 188}]",d0950a9efc4eeebb6f28037b439b17f78ecbde3074dd8a100f99215c8edb7b81,-3.2683750167488803,True,0.07945735603094636,94,100,0.08,converged,,bfgs_standard,"[{""ase_converged"": true, ""converged"": true, ""end_geometry_sha256"": ""f736b904032ab801226a6ad0a9284c973826809220f70546337d1cec2316d6c1"", ""failure_class"": null, ""max_force_eV_A"": 0.07945735603094636, ""name"": ""bfgs_standard"", ""start_geometry_sha256"": ""1fe56555891160a73b21bdc9fef998adfedb3bb8557c2eeb61a9ea739b834040"", ""steps"": 94}]",f736b904032ab801226a6ad0a9284c973826809220f70546337d1cec2316d6c1,-2.33653712272638,True,0.07827552634998268,264,100,0.08,converged,,bfgs_after_fire,"[{""ase_converged"": false, ""converged"": false, ""end_geometry_sha256"": ""06658d54ab889489bdab6bc970ab74e1a8685c222a3b6c4f30d37005454e0c51"", ""failure_class"": ""force_threshold"", ""max_force_eV_A"": 0.1837056771971021, ""name"": ""bfgs_standard"", ""start_geometry_sha256"": ""133235292e2101d775434fe7e627f64513e1fadb3778ef1506558d4d5bdaea5f"", ""steps"": 100}, {""ase_converged"": false, ""converged"": false, ""end_geometry_sha256"": ""baeb41cfee36f6a6cf591aba72f3d724900ab91d2a5b6964f7837f478af42ae0"", ""failure_class"": ""force_threshold"", ""max_force_eV_A"": 1.451446804401168, ""name"": ""fire_precondition"", ""qualifying"": false, ""start_geometry_sha256"": ""133235292e2101d775434fe7e627f64513e1fadb3778ef1506558d4d5bdaea5f"", ""steps"": 50}, {""ase_converged"": true, ""converged"": true, ""end_geometry_sha256"": ""0047fb8aca354752dea66c9969b998af6a4d94154cf033d08e11df0b145d916f"", ""failure_class"": null, ""max_force_eV_A"": 0.07827552634998268, ""name"": ""bfgs_after_fire"", ""start_geometry_sha256"": ""baeb41cfee36f6a6cf591aba72f3d724900ab91d2a5b6964f7837f478af42ae0"", ""steps"": 114}]",0047fb8aca354752dea66c9969b998af6a4d94154cf033d08e11df0b145d916f,1.2183473408222056,-2.648502945899878,0.01,candidate,,7.755097374319966,,0.05274232388554649,8904349914533.771,1000.0,0.0,True,True,0.740000000035,True,quantitative_screening,2,2,1cbd507e4e4661abab37,False,
"('SAA', 'Pt', 'Ag', '211', 5000)",SAA,True,esen-sm-conserving-all-oc25:relax-v4:pyrolysis-v3,True,0.07401535345953526,11,150,0.08,converged,,bfgs_standard,"[{""ase_converged"": true, ""converged"": true, ""end_geometry_sha256"": ""65fd8e0ca9efcd068172d4d3d42761e0afb525dfcf8bba18221b30241cbf16f6"", ""failure_class"": null, ""max_force_eV_A"": 0.07401535345953526, ""name"": ""bfgs_standard"", ""start_geometry_sha256"": ""beb5af6467d4c1ae4527565098c0bf18e7c3f9e50040d837714650c9a234f1b1"", ""steps"": 11}]",65fd8e0ca9efcd068172d4d3d42761e0afb525dfcf8bba18221b30241cbf16f6,-45.39596306865121,True,0.07638334968761411,51,100,0.08,converged,,bfgs_standard,"[{""ase_converged"": true, ""converged"": true, ""end_geometry_sha256"": ""e408adb9f74a1d1b1eb6fe743040dc0e7229bd23cc6bb1ab8bfeb677d6495cbb"", ""failure_class"": null, ""max_force_eV_A"": 0.07638334968761411, ""name"": ""bfgs_standard"", ""start_geometry_sha256"": ""e926fd2511508896e82823ed4656e5c31948a91d39659ed9c0dbcb1597dd5b75"", ""steps"": 51}]",e408adb9f74a1d1b1eb6fe743040dc0e7229bd23cc6bb1ab8bfeb677d6495cbb,-0.35411939769983647,True,0.07835932706235715,54,100,0.08,converged,,bfgs_standard,"[{""ase_converged"": true, ""converged"": true, ""end_geometry_sha256"": ""f705aa82186191bc81a7ad39f875732658ce05ce33013688d3fd0dddda9d91c9"", ""failure_class"": null, ""max_force_eV_A"": 0.07835932706235715, ""name"": ""bfgs_standard"", ""start_geometry_sha256"": ""fae64c7eb3b8e1adf703faa9233b1521a18f6317835ec202a1da73255391cd86"", ""steps"": 54}]",f705aa82186191bc81a7ad39f875732658ce05ce33013688d3fd0dddda9d91c9,1.3134911060333145,True,0.05895227174004257,35,100,0.08,converged,,bfgs_standard,"[{""ase_converged"": true, ""converged"": true, ""end_geometry_sha256"": ""c17c624584777e4626114f08a235ebbeddeb242506ca4fbee8699f60540a29ba"", ""failure_class"": null, ""max_force_eV_A"": 0.05895227174004257, ""name"": ""bfgs_standard"", ""start_geometry_sha256"": ""97bc788e537916ed647c24eb2ee986e7d02aee318dfd0b39096732b24f883102"", ""steps"": 35}]",c17c624584777e4626114f08a235ebbeddeb242506ca4fbee8699f60540a29ba,4.09024241566658,3.9157809019088603,3.825993485450734,candidate,,4.798481211066253,,0.05655280911237028,5.222055639439847e-07,1000.0,-2.0,True,False,0.902500000035,False,quantitative_screening,1,1,a357959c7f69a6d95ddf,False,
"('SAA', 'Pt', 'Sn', '111', 100)",SAA,True,esen-sm-conserving-all-oc25:relax-v4:pyrolysis-v3,True,0.07930800147315226,74,150,0.08,converged,,bfgs_standard,"[{""ase_converged"": true, ""converged"": true, ""end_geometry_sha256"": ""c02a55263fba0f0d31b93a973412b2ad2dc6b5a7ed97d524c2c49099b3bc4cb1"", ""failure_class"": null, ""max_force_eV_A"": 0.07930800147315226, ""name"": ""bfgs_standard"", ""start_geometry_sha256"": ""0569c36ec1cda460ab30aba7d952e9665c1bc57c7342b04280bca9cc774995dc"", ""steps"": 74}]",c02a55263fba0f0d31b93a973412b2ad2dc6b5a7ed97d524c2c49099b3bc4cb1,-210.6235997942907,True,0.07198239368885526,95,100,0.08,converged,,bfgs_standard,"[{""ase_converged"": true, ""converged"": true, ""end_geometry_sha256"": ""696fd7328a4fe8f389d4a063bc92ee627892698160faeef3708c8645f7e0f1bf"", ""failure_class"": null, ""max_force_eV_A"": 0.07198239368885526, ""name"": ""bfgs_standard"", ""start_geometry_sha256"": ""af6eb875414ecb49d394bc0b9b063e80cb62157cc6e74c02423efe5fe2302aab"", ""steps"": 95}]",696fd7328a4fe8f389d4a063bc92ee627892698160faeef3708c8645f7e0f1bf,-0.6089321151375522,True,0.07775501555307422,239,100,0.08,converged,,bfgs_after_fire,"[{""ase_converged"": false, ""converged"": false, ""end_geometry_sha256"": ""7ac67df4f749328c3c2de0bb548f12bdecf27213aba605901a083817d10d0ae7"", ""failure_class"": ""force_threshold"", ""max_force_eV_A"": 0.18896909823156346, ""name"": ""bfgs_standard"", ""start_geometry_sha256"": ""aeb6ee9377ddfc008faa0ef64f8f3d25ccbda280b53fdd4dbbd5a11fa3419539"", ""steps"": 100}, {""ase_converged"": true, ""converged"": true, ""end_geometry_sha256"": ""7dce3cf740bbe613a8fc14fdb6a8f78c708f66878e708729911c49c09a78b5bb"", ""failure_class"": null, ""max_force_eV_A"": 0.20610055234802543, ""name"": ""fire_precondition"", ""qualifying"": false, ""start_geometry_sha256"": ""aeb6ee9377ddfc008faa0ef64f8f3d25ccbda280b53fdd4dbbd5a11fa3419539"", ""steps"": 35}, {""ase_converged"": true, ""converged"": true, ""end_geometry_sha256"": ""2a52a70733f2797c0bfe0f7c5fa3edff33ecf38e1ebcc4b7dc806117c660f7fe"", ""failure_class"": null, ""max_force_eV_A"": 0.07775501555307422, ""name"": ""bfgs_after_fire"", ""start_geometry_sha256"": ""7dce3cf740bbe613a8fc14fdb6a8f78c708f66878e708729911c49c09a78b5bb"", ""steps"": 104}]",2a52a70733f2797c0bfe0f7c5fa3edff33ecf38e1ebcc4b7dc806117c660f7fe,-3.304867506027218,True,0.0748540470252626,310,100,0.08,converged,,bfgs_after_fire,"[{""ase_converged"": false, ""converged"": false, ""end_geometry_sha256"": ""ad6e797552d3c4a092399e7bef67e7f8aa51dad7860228642824df46d7c66006"", ""failure_class"": ""force_threshold"", ""max_force_eV_A"": 0.12878952844110506, ""name"": ""bfgs_standard"", ""start_geometry_sha256"": ""2c8d155db698bc6dbd266636b64f2e50eed1f5840b7f4d9a2f7a782979571d0e"", ""steps"": 100}, {""ase_converged"": false, ""converged"": false, ""end_geometry_sha256"": ""001e9ce80a20172a15cd43ae7c3eaf03949bd19fa14965cbfe1b040cf28f60d8"", ""failure_class"": ""force_threshold"", ""max_force_eV_A"": 0.6281257009579598, ""name"": ""fire_precondition"", ""qualifying"": false, ""start_geometry_sha256"": ""2c8d155db698bc6dbd266636b64f2e50eed1f5840b7f4d9a2f7a782979571d0e"", ""steps"": 50}, {""ase_converged"": true, ""converged"": true, ""end_geometry_sha256"": ""03ce440cf85eb81b7e949beb60063abe11f340d72193fc56a929190fada92a2b"", ""failure_class"": null, ""max_force_eV_A"": 0.0748540470252626, ""name"": ""bfgs_after_fire"", ""start_geometry_sha256"": ""001e9ce80a20172a15cd43ae7c3eaf03949bd19fa14965cbfe1b040cf28f60d8"", ""steps"": 160}]",03ce440cf85eb81b7e949beb60063abe11f340d72193fc56a929190fada92a2b,1.9842555820942067,-0.9573904275893881,0.12238327503206503,candidate,,3.202119812369311,,0.030555120116866875,2416659368129.9873,1000.0,-2.0,True,False,0.902500000035,False,quantitative_screening,0,0,beb28f7718c1472982c0,False,
"('SAA', 'Pt', 'In', '111', 1000)",SAA,True,esen-sm-conserving-all-oc25:relax-v4:pyrolysis-v3,True,0.07876883694511522,15,150,0.08,converged,,bfgs_standard,"[{""ase_converged"": true, ""converged"": true, ""end_geometry_sha256"": ""2da912958d3868b750de324e4952e984eb779858595ebd58ad2730efb556d572"", ""failure_class"": null, ""max_force_eV_A"": 0.07876883694511522, ""name"": ""bfgs_standard"", ""start_geometry_sha256"": ""f15be277e0316421e0f55cc22f7058baed15a9879c15274cc1513edbca8bb559"", ""steps"": 15}]",2da912958d3868b750de324e4952e984eb779858595ebd58ad2730efb556d572,-86.92835842527292,True,0.06651496888106162,76,100,0.08,converged,,bfgs_standard,"[{""ase_converged"": true, ""converged"": true, ""end_geometry_sha256"": ""933f9304e8d5a278ebac7d81a1257f30ccb8d09705bf3561f00e04a9bafeab4b"", ""failure_class"": null, ""max_force_eV_A"": 0.06651496888106162, ""name"": ""bfgs_standard"", ""start_geometry_sha256"": ""967e5d7d2f4c23099c62201300e107c01a79f16426d79946705eccda1c5fed72"", ""steps"": 76}]",933f9304e8d5a278ebac7d81a1257f30ccb8d09705bf3561f00e04a9bafeab4b,0.2567588314414131,True,0.07398169344183346,72,100,0.08,converged,,bfgs_standard,"[{""ase_converged"": true, ""converged"": true, ""end_geometry_sha256"": ""d282512a6d463bbe5291cbea545f3f4a06151c7402eeb1df9c9b6b03faca6c27"", ""failure_class"": null, ""max_force_eV_A"": 0.07398169344183346, ""name"": ""bfgs_standard"", ""start_geometry_sha256"": ""3612db8f7e9b043601c4c58000561f5dcb9c43bbd1e86bfcd0d2e5381d3dcc92"", ""steps"": 72}]",d282512a6d463bbe5291cbea545f3f4a06151c7402eeb1df9c9b6b03faca6c27,-2.3528971672057786,True,0.06533392281795988,66,100,0.08,converged,,bfgs_standard,"[{""ase_converged"": true, ""converged"": true, ""end_geometry_sha256"": ""f2730fdd868d43c53adb0269a048a0dcdb978fdc46703bef246068a04db910be"", ""failure_class"": null, ""max_force_eV_A"": 0.06533392281795988, ""name"": ""bfgs_standard"", ""start_geometry_sha256"": ""809b047bbaa1546892e772a46f5600f349622d298c607af5d9c6f197b3ce26e7"", ""steps"": 66}]",f2730fdd868d43c53adb0269a048a0dcdb978fdc46703bef246068a04db910be,3.838941186666503,0.8602708578110168,1.5038058519363728,candidate,,3.3254235237836767,,0.154343342812966,263725.4684507883,1000.0,-2.0,True,False,0.902500000035,False,quantitative_screening,1,1,3911779e1eed791bdfcd,False,
"('SAA', 'Pt', 'Ga', '111', 5000)",SAA,True,esen-sm-conserving-all-oc25:relax-v4:pyrolysis-v3,True,0.0739536329283434,33,150,0.08,converged,,bfgs_standard,"[{""ase_converged"": true, ""converged"": true, ""end_geometry_sha256"": ""105d5f650f3421c8800933f5c113284976062268144e0e39c9b3b7b2aab896fc"", ""failure_class"": null, ""max_force_eV_A"": 0.0739536329283434, ""name"": ""bfgs_standard"", ""start_geometry_sha256"": ""4c3c984c3d7a2bab56066ac709356ba3b9eb98606ea7b854a52866e28e116218"", ""steps"": 33}]",105d5f650f3421c8800933f5c113284976062268144e0e39c9b3b7b2aab896fc,-45.56863686509175,True,0.0665777206099827,55,100,0.08,converged,,bfgs_standard,"[{""ase_converged"": true, ""converged"": true, ""end_geometry_sha256"": ""d7e13c80a55cbdd8912b1bc1622c56d8bf666812baf7887b19e5fd1f88364959"", ""failure_class"": null, ""max_force_eV_A"": 0.0665777206099827, ""name"": ""bfgs_standard"", ""start_geometry_sha256"": ""507a9f094d8a83709d632f61d469a54c600fc44edb83a933f7fbbe84ec219ae9"", ""steps"": 55}]",d7e13c80a55cbdd8912b1bc1622c56d8bf666812baf7887b19e5fd1f88364959,-0.16511604934931157,True,0.07806481401760816,62,100,0.08,converged,,bfgs_standard,"[{""ase_converged"": true, ""converged"": true, ""end_geometry_sha256"": ""d330618b3aae6a94d9655e02301e63fbc107b0b823bd50edd1d589396ad1a1e9"", ""failure_class"": null, ""max_force_eV_A"": 0.07806481401760816, ""name"": ""bfgs_standard"", ""start_geometry_sha256"": ""df257ea04237e1d549a0207a936e0ffd50f13c251ec8ed64760a8374c827d448"", ""steps"": 62}]",d330618b3aae6a94d9655e02301e63fbc107b0b823bd50edd1d589396ad1a1e9,-2.6712353527546036,True,0.07851835538214179,72,100,0.08,converged,,bfgs_standard,"[{""ase_converged"": true, ""converged"": true, ""end_geometry_sha256"": ""41b9fa503629d2ca91b962a06218f57b5829d2cc942816b33393ed325c4ee13b"", ""failure_class"": null, ""max_force_eV_A"": 0.07851835538214179, ""name"": ""bfgs_standard"", ""start_geometry_sha256"": ""e45f4caf803d1b71e5894d6716849c93cecf0eb432eba576d9718b63130d6279"", ""steps"": 72}]",41b9fa503629d2ca91b962a06218f57b5829d2cc942816b33393ed325c4ee13b,2.945466071367264,0.12005779147146711,0.941243921518315,candidate,,3.275698170065887,,0.08468886474860823,180442741.69110212,1000.0,-2.0,True,False,0.902500000035,False,quantitative_screening,1,1,af294db3bf0b6cfdc2b4,False,
"('MetalFreeCarbon', 'pyridinic', 0.04, 'edge_armchair', 'graphene_nanoribbon', 'S')",MetalFreeCarbon,True,esen-sm-conserving-all-oc25:relax-v4:pyrolysis-v3,True,0.04016623384998859,79,150,0.08,converged,,bfgs_standard,"[{""ase_converged"": true, ""converged"": true, ""end_geometry_sha256"": ""876d9728b30072531f3e493754d18c8eeddcaa523b906d11bbb475078ebaef2e"", ""failure_class"": null, ""max_force_eV_A"": 0.04016623384998859, ""name"": ""bfgs_standard"", ""start_geometry_sha256"": ""095dfb1fb5d6928f99fc93ba77976e0a1b3f2e5e5f695fbf87cebd1f8b4f89f3"", ""steps"": 79}]",876d9728b30072531f3e493754d18c8eeddcaa523b906d11bbb475078ebaef2e,-138.61753062174276,True,0.07863624132299313,292,100,0.08,converged,,bfgs_after_fire,"[{""ase_converged"": false, ""converged"": false, ""end_geometry_sha256"": ""51c64aa9899996aaec9dd7e2dc70ce16dc43c42e19dccc18c1600fb29577b6be"", ""failure_class"": ""force_threshold"", ""max_force_eV_A"": 0.17714956566117682, ""name"": ""bfgs_standard"", ""start_geometry_sha256"": ""1f8d0f2f92f127c707dc912d3788a24759e0f013c7fa8886c6fd7051809064a6"", ""steps"": 100}, {""ase_converged"": false, ""converged"": false, ""end_geometry_sha256"": ""f85695f6ce32f08231bfb3ac6ba4bc76590472a5453242f3e6803356a4ad88b7"", ""failure_class"": ""force_threshold"", ""max_force_eV_A"": 0.2831197732149812, ""name"": ""fire_precondition"", ""qualifying"": false, ""start_geometry_sha256"": ""1f8d0f2f92f127c707dc912d3788a24759e0f013c7fa8886c6fd7051809064a6"", ""steps"": 50}, {""ase_converged"": true, ""converged"": true, ""end_geometry_sha256"": ""fb648faa978c9bf467b56c9af649ca9c13ded1c8a6a1821ba72741bff172c701"", ""failure_class"": null, ""max_force_eV_A"": 0.07863624132299313, ""name"": ""bfgs_after_fire"", ""start_geometry_sha256"": ""f85695f6ce32f08231bfb3ac6ba4bc76590472a5453242f3e6803356a4ad88b7"", ""steps"": 142}]",fb648faa978c9bf467b56c9af649ca9c13ded1c8a6a1821ba72741bff172c701,-1.7300225272774732,True,0.07356423704001123,76,100,0.08,converged,,bfgs_standard,"[{""ase_converged"": true, ""converged"": true, ""end_geometry_sha256"": ""32c58a97ee0991776be627ffc4b2d6d154af7b69742b632e35fcf06bb8d86266"", ""failure_class"": null, ""max_force_eV_A"": 0.07356423704001123, ""name"": ""bfgs_standard"", ""start_geometry_sha256"": ""050d814aea07e1e9ed2aeb7971124e06c2f9cd46477b5ecc76f9f731c8716028"", ""steps"": 76}]",32c58a97ee0991776be627ffc4b2d6d154af7b69742b632e35fcf06bb8d86266,-3.155192136764523,True,0.06971273790874113,66,100,0.08,converged,,bfgs_standard,"[{""ase_converged"": true, ""converged"": true, ""end_geometry_sha256"": ""be681d1b4e6319f8f84fb2828394faadf3e84c55815404967856c916466c91f8"", ""failure_class"": null, ""max_force_eV_A"": 0.06971273790874113, ""name"": ""bfgs_standard"", ""start_geometry_sha256"": ""80336a4aac657ed6ca1686ae2c372151df65eb1a294191ef96fc0293b2287199"", ""steps"": 66}]",be681d1b4e6319f8f84fb2828394faadf3e84c55815404967856c916466c91f8,3.0729654133319997,-1.9288054704666138,1.5249180853366853,candidate,,6.533010467886946,,-0.697187163910948,206419.6793542916,1000.0,0.0,True,False,0.27249999999999996,True,quantitative_screening,1,1,8387cd1a5d3c59b3e4bd,False,
"('MetalFreeCarbon', 'pyridinic', 0.06, 'divacancy', 'porous_carbon', 'F')",MetalFreeCarbon,True,esen-sm-conserving-all-oc25:relax-v4:pyrolysis-v3,True,0.07634637318888722,60,150,0.08,converged,,bfgs_standard,"[{""ase_converged"": true, ""converged"": true, ""end_geometry_sha256"": ""d451c6217d2803a5b24eb9595a37516b7d8d72b59da90861c1220e643052ffea"", ""failure_class"": null, ""max_force_eV_A"": 0.07634637318888722, ""name"": ""bfgs_standard"", ""start_geometry_sha256"": ""4f6339510343bc80a56f2cf3a8d56d9ae5010aaeceb94604a44d268879474f8f"", ""steps"": 60}]",d451c6217d2803a5b24eb9595a37516b7d8d72b59da90861c1220e643052ffea,-139.26134313843468,True,0.059677506690472414,67,100,0.08,converged,,bfgs_standard,"[{""ase_converged"": true, ""converged"": true, ""end_geometry_sha256"": ""130ce9d2620b46596613dcca73d25232aa33304d8ccc23cecfa37eb3ce2bd880"", ""failure_class"": null, ""max_force_eV_A"": 0.059677506690472414, ""name"": ""bfgs_standard"", ""start_geometry_sha256"": ""3e858d847598f5e143f2838b7236b95582b0ee9d9e926b004eb15c2bbd5d889e"", ""steps"": 67}]",130ce9d2620b46596613dcca73d25232aa33304d8ccc23cecfa37eb3ce2bd880,-1.758443213999275,True,0.07485927261284975,58,100,0.08,converged,,bfgs_standard,"[{""ase_converged"": true, ""converged"": true, ""end_geometry_sha256"": ""5eb7a0191f36ec58d1e1efc0478d79833e5ad6195c0189fa94b460c612defcbe"", ""failure_class"": null, ""max_force_eV_A"": 0.07485927261284975, ""name"": ""bfgs_standard"", ""start_geometry_sha256"": ""71e957a8b3c997f2fa02a8fc24d6b2c4dc2abb240c2bef4b9765e93ba79fc57b"", ""steps"": 58}]",5eb7a0191f36ec58d1e1efc0478d79833e5ad6195c0189fa94b460c612defcbe,-2.769391775131222,True,0.07432501038666016,54,100,0.08,converged,,bfgs_standard,"[{""ase_converged"": true, ""converged"": true, ""end_geometry_sha256"": ""5b9eb940f197e63eccfa7e4cf9ad12b420f1e02609e14e2a804086932905501e"", ""failure_class"": null, ""max_force_eV_A"": 0.07432501038666016, ""name"": ""bfgs_standard"", ""start_geometry_sha256"": ""e0e227942d5d98e5388887cf738a4bffd46ed7b984df615a4b1cbc70107cc31b"", ""steps"": 54}]",5b9eb940f197e63eccfa7e4cf9ad12b420f1e02609e14e2a804086932905501e,1.2070420086383962,-1.5714257955551147,1.65000097155571,candidate,,4.723928436636946,,-0.7012724662638533,48346.06123327784,1000.0,0.0,True,False,0.27249999999999996,True,quantitative_screening,2,2,5f0a211975fb76b750ae,False,
"('MetalFreeCarbon', 'pyridinic', 0.08, 'none', 'graphdiyne', 'S')",MetalFreeCarbon,True,esen-sm-conserving-all-oc25:relax-v4:pyrolysis-v3,True,0.07956693098593288,83,150,0.08,converged,,bfgs_standard,"[{""ase_converged"": true, ""converged"": true, ""end_geometry_sha256"": ""f071927e6fc2e000934eef4a30cd2247e85d7cbdfdcf2b14ae7e3425f4b7589f"", ""failure_class"": null, ""max_force_eV_A"": 0.07956693098593288, ""name"": ""bfgs_standard"", ""start_geometry_sha256"": ""391a81db23fcac7a1fda31a608512e9569766662947ca5da85565e00abf230ad"", ""steps"": 83}]",f071927e6fc2e000934eef4a30cd2247e85d7cbdfdcf2b14ae7e3425f4b7589f,-138.61657790110067,True,0.0678144037512458,291,100,0.08,converged,,bfgs_after_fire,"[{""ase_converged"": false, ""converged"": false, ""end_geometry_sha256"": ""b2b72ae97a43f4cefb9b53a1ed0881af776f78f937c1dd056e16166b9d4804a9"", ""failure_class"": ""force_threshold"", ""max_force_eV_A"": 0.1581490701101208, ""name"": ""bfgs_standard"", ""start_geometry_sha256"": ""6a65b426180658144f8610e11377051265d61daf8cecab68e3b48f379047dafc"", ""steps"": 100}, {""ase_converged"": true, ""converged"": true, ""end_geometry_sha256"": ""c07e89455d1659646b900964fe11f15ff3fdcf49801a3dcc1e48a5ac222c4989"", ""failure_class"": null, ""max_force_eV_A"": 0.24672244973772423, ""name"": ""fire_precondition"", ""qualifying"": false, ""start_geometry_sha256"": ""6a65b426180658144f8610e11377051265d61daf8cecab68e3b48f379047dafc"", ""steps"": 47}, {""ase_converged"": true, ""converged"": true, ""end_geometry_sha256"": ""7e63555fd02a32a776250aef189d4c6e5caf6c38c4d6e0a938ce3402b61fb356"", ""failure_class"": null, ""max_force_eV_A"": 0.0678144037512458, ""name"": ""bfgs_after_fire"", ""start_geometry_sha256"": ""c07e89455d1659646b900964fe11f15ff3fdcf49801a3dcc1e48a5ac222c4989"", ""steps"": 144}]",7e63555fd02a32a776250aef189d4c6e5caf6c38c4d6e0a938ce3402b61fb356,-1.73922643810511,True,0.06806285948242317,77,100,0.08,converged,,bfgs_standard,"[{""ase_converged"": true, ""converged"": true, ""end_geometry_sha256"": ""91b5c989efc755f5ef490dfd4790ee7ff8f7b79751e49281c1b458a963538c43"", ""failure_class"": null, ""max_force_eV_A"": 0.06806285948242317, ""name"": ""bfgs_standard"", ""start_geometry_sha256"": ""4126c5b36c227284ea63f58f8f694f814fdb34fb2ec5e760a574eeace9621def"", ""steps"": 77}]",91b5c989efc755f5ef490dfd4790ee7ff8f7b79751e49281c1b458a963538c43,-3.154615163803097,True,0.07859841657851166,61,100,0.08,converged,,bfgs_standard,"[{""ase_converged"": true, ""converged"": true, ""end_geometry_sha256"": ""5d0c77db87ea4cc8a44a19c5d4a43bd00bcd8f56be2de51a8fa3d0a3656471ae"", ""failure_class"": null, ""max_force_eV_A"": 0.07859841657851166, ""name"": ""bfgs_standard"", ""start_geometry_sha256"": ""3e0ce78108a333403ed7623db8bcdd398add1f780c43a5ab865fecb7528d83bf"", ""steps"": 61}]",5d0c77db87ea4cc8a44a19c5d4a43bd00bcd8f56be2de51a8fa3d0a3656471ae,2.8435085117817067,-1.9374324083328247,1.5218986570835116,candidate,,6.3219613879919265,,-0.6971507335520613,213780.62761751702,1000.0,0.0,True,False,0.27249999999999996,True,quantitative_screening,0,0,723b95f65c499e185669,False,
"('MetalFreeCarbon', 'pyridinic', 0.08, 'edge_armchair', 'graphene', 'F')",MetalFreeCarbon,True,esen-sm-conserving-all-oc25:relax-v4:pyrolysis-v3,True,0.07829363482408591,86,150,0.08,converged,,bfgs_standard,"[{""ase_converged"": true, ""converged"": true, ""end_geometry_sha256"": ""425b302228fa32b859610bd91f7b42f241befe56663dabb2baad6e699599c328"", ""failure_class"": null, ""max_force_eV_A"": 0.07829363482408591, ""name"": ""bfgs_standard"", ""start_geometry_sha256"": ""ed39b0c673e91450e25bdba902f251c54f64ce16935496fcc9e49f8e04a57ef1"", ""steps"": 86}]",425b302228fa32b859610bd91f7b42f241befe56663dabb2baad6e699599c328,-138.269072191932,True,0.07679202064742367,73,100,0.08,converged,,bfgs_standard,"[{""ase_converged"": true, ""converged"": true, ""end_geometry_sha256"": ""22c89887627fd55ab11667d1cc7994245ce28b486cf654d23b8ba0a09aaf9ecb"", ""failure_class"": null, ""max_force_eV_A"": 0.07679202064742367, ""name"": ""bfgs_standard"", ""start_geometry_sha256"": ""29dedd7a02567af69be2dafb19ec13bda245fd714361c8e7c4fbdf6de7ba2a06"", ""steps"": 73}]",22c89887627fd55ab11667d1cc7994245ce28b486cf654d23b8ba0a09aaf9ecb,-1.3573289886117017,True,0.06890796810909797,99,100,0.08,converged,,bfgs_standard,"[{""ase_converged"": true, ""converged"": true, ""end_geometry_sha256"": ""7f2fa452a6dd5018938a47997c445f77fe22f5cd734e7d1cda3428b79949f1e3"", ""failure_class"": null, ""max_force_eV_A"": 0.06890796810909797, ""name"": ""bfgs_standard"", ""start_geometry_sha256"": ""78766a303ed57c9cc33af3215474601200c8dde328568b4425c574b2b7f042ff"", ""steps"": 99}]",7f2fa452a6dd5018938a47997c445f77fe22f5cd734e7d1cda3428b79949f1e3,-2.7396175861358607,True,0.07644774045606682,96,100,0.08,converged,,bfgs_standard,"[{""ase_converged"": true, ""converged"": true, ""end_geometry_sha256"": ""b39a00c7a3770103d45392ea7f064ebd98d7f9b80896d01f8cfeb0b60998dd76"", ""failure_class"": null, ""max_force_eV_A"": 0.07644774045606682, ""name"": ""bfgs_standard"", ""start_geometry_sha256"": ""61840335c8d0258ae69879f8c88c13e14c2d98ec8a8261187704d19503a422d8"", ""steps"": 96}]",b39a00c7a3770103d45392ea7f064ebd98d7f9b80896d01f8cfeb0b60998dd76,0.07525041699410906,-1.1405373811721802,1.8008119165897372,candidate,,2.7899083942175125,,-0.6852262760020125,8400.543535567676,1000.0,0.0,True,False,0.27249999999999996,True,quantitative_screening,2,2,effeddf1ac569b58c647,False,
